WaveTrajectory,PtIndex,Lat,Lon,Time
1,0,25.0644588470459,-35.368896484375,2000010100
1,1,24.4805755615234,-36.7716369628906,2000010103
1,2,24.6490421295166,-37.8828735351563,2000010106
1,3,24.1221942901611,-38.7530212402344,2000010109
1,4,24.3689155578613,-40.0229187011719,2000010112
1,5,24.5086231231689,-41.2147521972656,2000010115
1,6,23.8975677490234,-42.6487121582031,2000010118
1,7,23.7662982940674,-43.726806640625,2000010121
1,8,24.1867332458496,-44.943115234375,2000010200
1,9,23.9441719055176,-45.7662048339844,2000010203
1,10,22.3670063018799,-46.2218322753906,2000010206
1,11,21.903564453125,-47.1095886230469,2000010209
1,12,21.9040794372559,-48.5971069335938,2000010212
1,13,21.3650074005127,-49.5953979492188,2000010215
1,14,21.0884304046631,-50.4456176757813,2000010218
1,15,20.3901023864746,-51.0549926757813,2000010221
1,16,20.2126026153564,-52.4672241210938,2000010300
1,17,20.6830711364746,-54.0952758789063,2000010303
1,18,20.4546127319336,-54.79052734375,2000010306
1,19,19.468900680542,-55.6907348632813,2000010309
1,20,19.6444053649902,-57.60595703125,2000010312
5,53,25.1442794799805,-33.3982849121094,2000012415
5,54,24.3827037811279,-33.2510681152344,2000012418
5,55,23.8339920043945,-33.281982421875,2000012421
5,56,23.5793190002441,-33.481201171875,2000012500
5,57,23.1802463531494,-33.3753662109375,2000012503
5,58,22.3261241912842,-33.1786499023438,2000012506
5,59,22.2001342773438,-34.1126708984375,2000012509
5,60,21.9282131195068,-34.5639953613281,2000012512
5,61,21.232494354248,-34.4723510742188,2000012515
8,0,17.6396827697754,-20.23193359375,2000013003
8,1,17.4457893371582,-21.4402160644531,2000013006
8,2,16.6720962524414,-20.3458251953125,2000013009
8,3,16.195333480835,-20.9993896484375,2000013012
8,4,16.1724948883057,-21.2178649902344,2000013015
8,5,15.9412508010864,-21.473876953125,2000013018
8,6,15.7419919967651,-21.8113098144531,2000013021
8,7,15.6375770568848,-22.3440856933594,2000013100
8,8,15.2008581161499,-22.3960571289063,2000013103
8,9,14.6155881881714,-21.9051208496094,2000013106
8,10,13.992226600647,-22.3678894042969,2000013109
8,11,13.5893363952637,-23.2069091796875,2000013112
8,12,13.7030935287476,-24.22705078125,2000013115
8,13,13.7900009155273,-25.1908874511719,2000013118
8,14,13.623423576355,-26.4583435058594,2000013121
8,15,13.2454881668091,-27.6856994628906,2000020100
8,16,13.4252271652222,-28.9576721191406,2000020103
8,17,13.0090398788452,-30.0408630371094,2000020106
8,18,12.3304481506348,-30.9607849121094,2000020109
8,19,11.9946775436401,-32.0059814453125,2000020112
8,20,11.8928375244141,-33.2432556152344,2000020115
8,21,11.5946578979492,-33.5986938476563,2000020118
8,22,11.4801321029663,-34.0989685058594,2000020121
8,23,11.8522024154663,-34.6897888183594,2000020200
8,24,12.1563358306885,-35.7622985839844,2000020203
8,25,11.9466896057129,-37.3768005371094,2000020206
8,26,11.9026174545288,-37.8525390625,2000020209
8,27,11.7706804275513,-38.03076171875,2000020212
8,28,11.7714357376099,-38.1765441894531,2000020215
8,29,12.0163698196411,-38.4338989257813,2000020218
8,30,12.5994024276733,-38.8364868164063,2000020221
10,0,22.2992324829102,-20.7403869628906,2000020421
10,1,22.0754795074463,-21.9156799316406,2000020500
10,2,21.458194732666,-23.1044006347656,2000020503
10,3,21.4823913574219,-24.2657775878906,2000020506
10,4,22.5161285400391,-25.3565063476563,2000020509
10,5,22.1213035583496,-26.5602416992188,2000020512
10,6,20.9173564910889,-27.9118041992188,2000020515
10,7,20.1712741851807,-29.068115234375,2000020518
10,8,19.3783283233643,-30.2884216308594,2000020521
10,9,19.4925937652588,-31.1962585449219,2000020600
10,10,20.1036987304688,-31.8731384277344,2000020603
10,11,17.1192111968994,-32.7721862792969,2000020606
10,12,17.1757545471191,-33.4330749511719,2000020609
10,13,17.1608390808105,-34.7826232910156,2000020612
10,14,17.0382499694824,-35.8226623535156,2000020615
10,15,15.7941741943359,-36.7840270996094,2000020618
11,8,24.1140785217285,-19.8966369628906,2000020521
11,9,23.4723663330078,-21.1908874511719,2000020600
11,10,24.3069286346436,-22.2266845703125,2000020603
12,1,4.86017894744873,-23.9177551269531,2000020618
12,2,5.56540393829346,-24.130615234375,2000020621
12,3,6.1855731010437,-24.4965515136719,2000020700
12,4,5.87874412536621,-25.4196472167969,2000020703
12,5,6.21622180938721,-26.0179138183594,2000020706
12,6,6.01946496963501,-26.7783508300781,2000020709
12,7,5.74415397644043,-27.2445983886719,2000020712
12,8,5.33293199539185,-27.5384521484375,2000020715
12,9,4.9346079826355,-27.8286437988281,2000020718
12,10,5.29461097717285,-27.6073303222656,2000020721
12,11,5.19771385192871,-28.2157897949219,2000020800
12,15,4.9575309753418,-30.2019958496094,2000020812
12,16,4.8978419303894,-30.8603210449219,2000020815
12,17,4.87151098251343,-31.6656799316406,2000020818
12,18,5.33614778518677,-32.2820739746094,2000020821
12,19,6.05018281936646,-32.7415161132813,2000020900
12,20,6.51062679290771,-33.3813171386719,2000020903
12,21,6.60395812988281,-33.8221130371094,2000020906
12,22,6.59656810760498,-34.7630310058594,2000020909
12,23,6.53950500488281,-35.5499267578125,2000020912
12,24,6.42087888717651,-36.077392578125,2000020915
12,25,7.02633905410767,-37.0328369140625,2000020918
12,26,7.72227096557617,-37.7931213378906,2000020921
12,27,8.30360698699951,-38.5452270507813,2000021000
12,28,7.63643598556519,-39.3021545410156,2000021003
12,29,6.7536358833313,-39.6309814453125,2000021006
14,9,22.6691627502441,-20.8137512207031,2000020721
14,10,23.5794143676758,-21.6707153320313,2000020800
14,11,23.9023590087891,-22.5450439453125,2000020803
14,12,23.1515064239502,-23.7587280273438,2000020806
14,13,23.0450305938721,-25.1830749511719,2000020809
14,14,22.8328762054443,-26.5630798339844,2000020812
14,15,21.7179222106934,-27.9087829589844,2000020815
14,16,21.6797885894775,-29.0306701660156,2000020818
14,17,21.0473079681396,-30.1202392578125,2000020821
14,18,20.400541305542,-31.1295166015625,2000020900
14,19,19.8612461090088,-32.0938110351563,2000020903
14,20,19.6887874603271,-33.1737060546875,2000020906
14,21,19.2175693511963,-33.8766479492188,2000020909
14,22,18.834135055542,-34.4676208496094,2000020912
14,23,18.2600746154785,-35.3392028808594,2000020915
14,24,17.8244934082031,-36.3253784179688,2000020918
14,25,16.9685611724854,-37.1133728027344,2000020921
14,26,16.0669555664063,-37.5146484375,2000021000
14,27,15.7216320037842,-38.0863952636719,2000021003
14,28,15.557014465332,-39.1932678222656,2000021006
14,29,15.0884618759155,-39.6011047363281,2000021009
14,30,14.8465156555176,-40.1915588378906,2000021012
14,31,13.9613666534424,-40.8627014160156,2000021015
14,32,12.9374971389771,-42.1690063476563,2000021018
14,33,12.4290981292725,-42.1993713378906,2000021021
14,34,12.4646816253662,-42.5225524902344,2000021100
14,35,13.2061262130737,-42.6882019042969,2000021103
17,1,24.7689628601074,-19.9880676269531,2000021200
17,2,24.5161285400391,-21.0151062011719,2000021203
17,3,24.7917385101318,-21.1587219238281,2000021206
17,10,24.9641933441162,-24.8973388671875,2000021303
17,11,24.6134738922119,-24.9699096679688,2000021306
17,12,24.797550201416,-25.4617004394531,2000021309
17,13,24.6914920806885,-26.0268249511719,2000021312
17,14,24.5587902069092,-26.3289794921875,2000021315
17,15,24.1067085266113,-26.5831909179688,2000021318
17,16,22.8939399719238,-26.3161315917969,2000021321
17,17,21.9515914916992,-26.3573913574219,2000021400
17,18,21.5278968811035,-26.3298034667969,2000021403
17,19,21.7243633270264,-25.4195556640625,2000021406
17,20,21.6313629150391,-25.0957336425781,2000021409
17,21,21.405797958374,-25.5680541992188,2000021412
17,22,21.0275764465332,-25.5578308105469,2000021415
17,23,21.0006465911865,-25.4567260742188,2000021418
17,24,21.1050281524658,-25.5529174804688,2000021421
17,25,21.5742206573486,-25.7344970703125,2000021500
17,26,21.9948997497559,-25.98583984375,2000021503
17,27,22.4243583679199,-26.1779479980469,2000021506
17,28,22.9290637969971,-26.4717407226563,2000021509
17,29,22.9939708709717,-26.8173522949219,2000021512
17,30,22.994026184082,-27.0543212890625,2000021515
17,31,23.0513954162598,-26.9850769042969,2000021518
17,32,23.1762561798096,-27.0865783691406,2000021521
17,33,23.2511253356934,-27.2775268554688,2000021600
17,34,23.2589492797852,-27.3740844726563,2000021603
17,35,23.4880847930908,-27.4961547851563,2000021606
17,36,24.044319152832,-27.4179077148438,2000021609
17,37,24.496826171875,-27.4865417480469,2000021612
17,38,24.8454971313477,-27.7237854003906,2000021615
17,66,24.8171787261963,-27.2878112792969,2000022003
17,67,23.6607799530029,-28.3090209960938,2000022006
17,68,22.5935039520264,-28.8499450683594,2000022009
17,69,21.9269351959229,-29.0700988769531,2000022012
17,70,21.1662330627441,-30.428955078125,2000022015
17,71,20.2995128631592,-32.154052734375,2000022018
19,6,21.0099906921387,-19.7441101074219,2000020615
19,8,20.1760749816895,-20.9808654785156,2000020621
19,9,19.5166664123535,-22.4866333007813,2000020700
19,10,19.4392147064209,-24.3441162109375,2000020703
19,11,19.2960414886475,-26.1826477050781,2000020706
19,12,18.9975643157959,-27.9925842285156,2000020709
19,13,19.0000782012939,-29.485107421875,2000020712
19,14,18.7857837677002,-30.7130432128906,2000020715
19,15,18.0031566619873,-30.9978942871094,2000020718
26,39,24.0469818115234,-19.7166748046875,2000031900
26,40,24.0615921020508,-20.3252563476563,2000031903
26,41,23.5413246154785,-20.5927734375,2000031906
26,42,23.0656318664551,-20.7795104980469,2000031909
26,43,22.9776611328125,-21.1890258789063,2000031912
26,44,22.1627941131592,-21.216796875,2000031915
26,45,21.963249206543,-21.3061218261719,2000031918
26,46,21.7952651977539,-21.4928283691406,2000031921
26,47,21.5485210418701,-21.6200256347656,2000032000
26,48,21.3470134735107,-21.9385375976563,2000032003
26,49,21.1703433990479,-21.810302734375,2000032006
26,50,20.6727886199951,-20.3088684082031,2000032009
26,53,17.8170166015625,-20.8573608398438,2000032018
26,54,17.6020812988281,-20.19189453125,2000032021
36,17,5.0658860206604,-22.9812316894531,2000041109
36,18,5.3519811630249,-23.9593200683594,2000041112
36,19,5.56377696990967,-24.8097229003906,2000041115
36,20,5.25833702087402,-25.6643371582031,2000041118
36,21,5.0330810546875,-26.3525695800781,2000041121
36,22,5.23398303985596,-27.1889038085938,2000041200
36,23,5.62567901611328,-28.1393737792969,2000041203
36,24,5.39894676208496,-28.9139099121094,2000041206
36,25,4.7893648147583,-29.5130310058594,2000041209
36,29,4.78160190582275,-32.8590393066406,2000041221
37,0,5.91738605499268,-64.7141723632813,2000041006
37,1,5.56144523620605,-64.0677185058594,2000041009
37,2,5.24792003631592,-64.6968688964844,2000041012
37,3,5.00975704193115,-65.6068115234375,2000041015
37,4,4.80675792694092,-65.7973022460938,2000041018
37,6,4.90597200393677,-65.2137451171875,2000041100
37,7,4.97026586532593,-64.6736145019531,2000041103
37,8,5.34252309799194,-64.2528686523438,2000041106
37,9,5.11565685272217,-65.4415588378906,2000041109
37,12,4.89513778686523,-67.1057739257813,2000041118
42,0,6.34108304977417,-24.1088562011719,2000041703
42,1,7.26702976226807,-25.6611022949219,2000041706
42,2,7.76087379455566,-26.3952331542969,2000041709
42,3,8.176194190979,-26.76025390625,2000041712
42,4,6.84226179122925,-25.5513305664063,2000041715
42,5,6.65244722366333,-25.9755554199219,2000041718
42,6,6.57007598876953,-26.7603759765625,2000041721
42,7,6.8131628036499,-27.1347961425781,2000041800
42,8,6.53978395462036,-28.474853515625,2000041803
42,9,6.1939959526062,-30.264404296875,2000041806
42,10,5.92377996444702,-30.6520385742188,2000041809
42,11,5.76645612716675,-31.1553039550781,2000041812
42,12,6.48608112335205,-32.298583984375,2000041815
42,13,7.20178985595703,-32.8969421386719,2000041818
42,14,7.21751117706299,-33.3140869140625,2000041821
42,15,6.54782485961914,-34.2611694335938,2000041900
42,16,6.24622917175293,-35.2914123535156,2000041903
42,17,5.43136882781982,-36.36328125,2000041906
45,2,6.89550304412842,-20.0038146972656,2000042503
45,3,7.10657119750977,-20.4002990722656,2000042506
45,4,7.39441204071045,-20.6035461425781,2000042509
45,5,7.58336591720581,-21.0000305175781,2000042512
45,6,7.49629211425781,-21.51953125,2000042515
45,7,7.27988910675049,-22.0585021972656,2000042518
45,8,7.1737117767334,-22.5321960449219,2000042521
45,9,7.41845893859863,-23.0000915527344,2000042600
45,10,7.18298816680908,-23.6846313476563,2000042603
45,11,6.71128988265991,-24.3312377929688,2000042606
45,12,6.60776901245117,-24.7737121582031,2000042609
45,13,6.5802698135376,-25.30810546875,2000042612
45,14,6.47016716003418,-25.6199340820313,2000042615
45,15,6.33574485778809,-26.2303466796875,2000042618
45,16,5.94298982620239,-26.3743896484375,2000042621
45,19,4.89667892456055,-27.9699401855469,2000042706
45,20,5.1414589881897,-28.17431640625,2000042709
45,21,5.21015501022339,-28.4780883789063,2000042712
45,22,5.37321615219116,-28.8228149414063,2000042715
45,23,5.44917583465576,-29.4185485839844,2000042718
45,24,5.35582113265991,-29.9190063476563,2000042721
45,25,5.52793502807617,-30.3007202148438,2000042800
45,26,5.76480388641357,-30.8313903808594,2000042803
45,27,5.77802705764771,-31.5581359863281,2000042806
45,28,5.71087694168091,-32.2278137207031,2000042809
45,29,5.64310216903687,-32.98876953125,2000042812
45,30,5.35081481933594,-33.6173095703125,2000042815
45,32,5.4591588973999,-34.4912719726563,2000042821
45,33,5.30776119232178,-35.14697265625,2000042900
45,34,5.05192089080811,-35.7692565917969,2000042903
45,35,4.75647401809692,-36.1466064453125,2000042906
45,39,4.98927211761475,-37.3487854003906,2000042918
45,40,4.84861087799072,-37.7222290039063,2000042921
45,42,4.82805681228638,-38.7113037109375,2000043003
53,15,12.1879625320435,-19.7462158203125,2000052600
53,16,12.1487865447998,-20.6184692382813,2000052603
53,17,11.8831157684326,-21.4106750488281,2000052606
53,18,11.4248390197754,-22.0726928710938,2000052609
53,19,10.8576812744141,-22.7418518066406,2000052612
53,20,10.4750299453735,-23.6418151855469,2000052615
53,21,10.207989692688,-24.5679016113281,2000052618
53,22,9.99942779541016,-25.722900390625,2000052621
53,23,9.17931270599365,-27.3184204101563,2000052700
53,24,9.07138824462891,-28.6036682128906,2000052703
53,25,8.89750385284424,-30.0865173339844,2000052706
53,26,9.17943954467773,-31.1192626953125,2000052709
53,27,9.75063610076904,-31.5073852539063,2000052712
53,28,10.0648488998413,-31.2719421386719,2000052715
53,29,10.207103729248,-31.4688415527344,2000052718
58,1,5.23707914352417,-41.30224609375,2000053109
58,2,5.61746978759766,-42.8984069824219,2000053112
58,3,5.77315902709961,-43.8485107421875,2000053115
58,4,5.9221978187561,-44.7994689941406,2000053118
58,5,6.33472299575806,-45.8315734863281,2000053121
58,6,6.41981077194214,-46.6259155273438,2000060100
58,7,6.37963008880615,-47.3715209960938,2000060103
58,8,6.59830713272095,-48.408935546875,2000060106
58,9,6.58966398239136,-49.5375366210938,2000060109
58,10,6.30795192718506,-49.958984375,2000060112
58,11,6.30921697616577,-50.517822265625,2000060115
58,12,6.43907117843628,-51.3806457519531,2000060118
58,13,6.6952919960022,-51.9811401367188,2000060121
58,14,6.50607776641846,-53.0195617675781,2000060200
58,15,5.9969630241394,-54.8943481445313,2000060203
58,16,6.06863498687744,-56.2917785644531,2000060206
58,17,6.91661500930786,-56.6846923828125,2000060209
58,18,7.43958806991577,-57.5377807617188,2000060212
58,19,8.31578922271729,-58.7991333007813,2000060215
58,20,8.91709041595459,-60.385986328125,2000060218
58,21,9.30931568145752,-61.9366149902344,2000060221
58,22,8.95117282867432,-63.3949279785156,2000060300
58,23,8.49507141113281,-64.3988647460938,2000060303
58,24,7.50607395172119,-65.5494079589844,2000060306
58,25,7.28426790237427,-66.1115112304688,2000060309
58,26,6.3443808555603,-67.4055480957031,2000060312
58,27,6.15153121948242,-68.2294006347656,2000060315
58,28,5.88552522659302,-69.2872314453125,2000060318
58,29,5.59035301208496,-69.7754516601563,2000060321
58,30,5.10624599456787,-70.2208557128906,2000060400
61,0,8.02091121673584,-25.3817138671875,2000060121
61,1,7.82672119140625,-27.1313781738281,2000060200
61,2,7.64690685272217,-28.3517150878906,2000060203
61,3,6.95149087905884,-29.9996948242188,2000060206
61,4,7.50666999816895,-30.1832885742188,2000060209
61,5,7.68589210510254,-31.0350036621094,2000060212
61,6,7.46998500823975,-32.0186157226563,2000060215
61,7,7.25830984115601,-33.1145629882813,2000060218
61,8,7.52119302749634,-33.8900451660156,2000060221
61,9,8.02248096466064,-34.3729553222656,2000060300
61,10,8.09145736694336,-35.1934204101563,2000060303
61,11,8.25887775421143,-35.6806945800781,2000060306
61,12,8.34053611755371,-36.1412963867188,2000060309
61,13,8.39279747009277,-36.9241027832031,2000060312
61,14,8.19343280792236,-37.7271728515625,2000060315
61,15,7.7102952003479,-39.076904296875,2000060318
61,16,7.52458381652832,-39.9888916015625,2000060321
61,17,7.99069213867188,-40.3949584960938,2000060400
61,18,8.45761108398438,-40.4132690429688,2000060403
61,19,8.76182556152344,-40.8117065429688,2000060406
61,20,9.18720722198486,-41.2971801757813,2000060409
61,21,9.54511070251465,-41.623779296875,2000060412
61,22,9.94434833526611,-42.3289184570313,2000060415
61,23,10.2782554626465,-44.0435180664063,2000060418
61,24,10.4358882904053,-45.6189880371094,2000060421
62,0,21.3417224884033,-61.9939270019531,2000060209
62,1,20.9054164886475,-62.5609436035156,2000060212
62,2,20.4207859039307,-63.4580383300781,2000060215
62,3,20.3348808288574,-64.6215515136719,2000060218
62,4,20.0459499359131,-65.5540466308594,2000060221
62,5,19.4745292663574,-67.5149536132813,2000060300
62,6,19.5025367736816,-68.38232421875,2000060303
62,7,19.6797142028809,-69.1018371582031,2000060306
62,8,20.3511695861816,-69.4353942871094,2000060309
65,6,6.94661092758179,-20.3818054199219,2000060621
65,7,7.5041618347168,-21.2996520996094,2000060700
65,8,7.87007284164429,-22.0965576171875,2000060703
65,9,8.46565818786621,-22.5817260742188,2000060706
65,10,8.9759407043457,-22.9121704101563,2000060709
65,11,9.26938343048096,-23.3829650878906,2000060712
65,12,9.27477931976318,-23.8656616210938,2000060715
65,13,9.21389484405518,-24.6530456542969,2000060718
65,14,9.07790184020996,-25.7110900878906,2000060721
65,15,9.00749969482422,-26.4350280761719,2000060800
65,16,8.80595016479492,-27.150634765625,2000060803
65,17,8.51458835601807,-27.7565002441406,2000060806
65,18,8.07963562011719,-28.3447265625,2000060809
65,19,7.62816190719604,-29.06884765625,2000060812
65,20,7.22277402877808,-29.8638916015625,2000060815
65,21,6.85277700424194,-30.5189819335938,2000060818
65,22,6.43908786773682,-31.1406555175781,2000060821
65,23,6.19203615188599,-31.5706481933594,2000060900
65,24,5.89427518844604,-31.9213256835938,2000060903
65,25,5.64779186248779,-32.3372192382813,2000060906
65,26,5.6660270690918,-32.666015625,2000060909
65,27,5.77635097503662,-33.0079650878906,2000060912
65,28,5.7460150718689,-33.40185546875,2000060915
65,29,5.78612518310547,-33.7224731445313,2000060918
65,30,6.10625219345093,-33.8643798828125,2000060921
65,31,6.21110200881958,-34.2533569335938,2000061000
65,32,6.48330402374268,-34.5564270019531,2000061003
65,33,6.50579309463501,-35.17822265625,2000061006
65,34,6.73625802993774,-35.7552490234375,2000061009
65,35,6.88406801223755,-36.4740600585938,2000061012
65,36,7.02991485595703,-37.1613159179688,2000061015
65,37,7.48662614822388,-37.0769348144531,2000061018
65,38,7.68059921264648,-37.2424011230469,2000061021
65,39,8.12875938415527,-37.6171569824219,2000061100
65,40,8.23292922973633,-38.2640075683594,2000061103
68,0,7.10218620300293,-61.0146179199219,2000060821
68,1,7.11759376525879,-62.2799987792969,2000060900
68,2,6.79918384552002,-62.7825927734375,2000060903
68,3,6.48632001876831,-63.3091125488281,2000060906
68,4,6.10366678237915,-63.6322326660156,2000060909
68,5,6.016432762146,-63.7685241699219,2000060912
68,6,6.41586208343506,-64.3105163574219,2000060915
68,7,6.9433331489563,-64.4067993164063,2000060918
68,8,7.44264316558838,-65.0203247070313,2000060921
68,9,6.97756004333496,-65.8639221191406,2000061000
68,10,6.74387979507446,-66.4120178222656,2000061003
68,11,6.57696199417114,-66.9608154296875,2000061006
68,12,6.57311391830444,-67.4488525390625,2000061009
68,13,6.73285293579102,-67.8295593261719,2000061012
68,14,7.90143489837646,-68.8639221191406,2000061015
68,15,8.45426845550537,-69.8404541015625,2000061018
69,0,8.58275413513184,-39.9806518554688,2000060903
69,1,8.19821453094482,-39.5308532714844,2000060906
69,2,7.51081323623657,-39.5320434570313,2000060909
69,3,6.78411388397217,-39.9675903320313,2000060912
69,4,6.22242212295532,-40.5404052734375,2000060915
69,5,5.35089683532715,-40.78955078125,2000060918
69,8,5.02264499664307,-42.3414916992188,2000061003
69,9,5.40590476989746,-43.0169372558594,2000061006
69,10,5.32458782196045,-43.396484375,2000061009
69,11,5.26521492004395,-43.8293762207031,2000061012
69,12,4.98212289810181,-43.98095703125,2000061015
69,15,4.78832578659058,-44.6145629882813,2000061100
69,17,4.84868907928467,-45.8666687011719,2000061106
69,18,5.0924859046936,-46.5823364257813,2000061109
69,19,5.36912107467651,-47.2225952148438,2000061112
69,20,5.42611598968506,-48.0011901855469,2000061115
69,21,5.26125001907349,-49.0467224121094,2000061118
69,22,5.47929811477661,-49.6339721679688,2000061121
69,23,6.73964691162109,-49.2523498535156,2000061200
69,24,7.13872718811035,-49.7286376953125,2000061203
69,25,7.17313289642334,-50.5189208984375,2000061206
69,26,6.88136911392212,-51.4974670410156,2000061209
69,27,6.477942943573,-52.6304321289063,2000061212
69,28,6.48406314849854,-53.6317443847656,2000061215
69,29,6.5153431892395,-54.3829956054688,2000061218
69,30,6.45176315307617,-55.4476623535156,2000061221
69,31,6.47316980361938,-56.5975341796875,2000061300
69,32,6.43697500228882,-57.6447143554688,2000061303
69,33,6.34120893478394,-58.2655639648438,2000061306
69,34,6.02004909515381,-59.2424926757813,2000061309
69,35,6.4698920249939,-60.2703247070313,2000061312
73,3,8.14266109466553,-20.6027221679688,2000061221
73,4,9.39557552337646,-21.9006042480469,2000061300
73,5,9.82616424560547,-23.3730773925781,2000061303
73,6,10.1709613800049,-24.8666381835938,2000061306
73,7,10.6190538406372,-26.2322082519531,2000061309
73,8,10.7445783615112,-27.6846313476563,2000061312
73,9,11.0011501312256,-29.01123046875,2000061315
73,10,11.7836885452271,-30.2025451660156,2000061318
73,11,12.9897165298462,-31.2415466308594,2000061321
73,12,12.6453189849854,-32.1924743652344,2000061400
73,13,11.5080966949463,-33.2200317382813,2000061403
73,14,10.4981374740601,-34.1383056640625,2000061406
73,15,10.1200265884399,-35.0260620117188,2000061409
73,16,10.2996559143066,-35.8087158203125,2000061412
73,17,10.2343759536743,-37.0905151367188,2000061415
73,18,10.1994104385376,-38.0765991210938,2000061418
73,19,9.99246406555176,-39.68115234375,2000061421
74,1,15.8975076675415,-20.7470703125,2000061403
74,2,15.820164680481,-21.6039123535156,2000061406
74,3,15.4610824584961,-22.3824462890625,2000061409
74,4,15.169605255127,-22.0343627929688,2000061412
74,5,14.9185132980347,-22.6154174804688,2000061415
74,6,14.5127372741699,-22.9910278320313,2000061418
74,7,13.938551902771,-22.5412902832031,2000061421
74,8,13.7361288070679,-22.9232482910156,2000061500
74,9,13.7143898010254,-24.2201538085938,2000061503
74,10,13.3981399536133,-25.5069885253906,2000061506
74,11,12.7594785690308,-26.0714416503906,2000061509
74,12,12.2622804641724,-26.76171875,2000061512
74,13,12.2942934036255,-27.5562744140625,2000061515
74,14,12.0031232833862,-28.1211242675781,2000061518
74,15,11.3819742202759,-28.8370056152344,2000061521
74,16,10.6953630447388,-29.7149353027344,2000061600
74,17,10.1721868515015,-30.4518127441406,2000061603
74,18,9.85572624206543,-31.3267517089844,2000061606
74,19,9.86418914794922,-32.0580749511719,2000061609
74,20,10.0798969268799,-32.8491821289063,2000061612
74,21,9.77173519134521,-33.7577514648438,2000061615
74,22,9.59839725494385,-34.5053100585938,2000061618
74,23,9.30443286895752,-35.2108459472656,2000061621
74,24,9.00701427459717,-35.6656799316406,2000061700
74,25,8.79318237304688,-36.2704467773438,2000061703
74,26,8.61140823364258,-36.8383483886719,2000061706
74,27,8.35118770599365,-37.4396057128906,2000061709
74,28,8.17679691314697,-37.9429626464844,2000061712
74,29,8.35189723968506,-38.8262329101563,2000061715
74,30,8.44820213317871,-39.599609375,2000061718
74,31,7.75710916519165,-40.4000549316406,2000061721
74,32,7.25781917572021,-41.0153503417969,2000061800
74,33,7.17926597595215,-41.4538269042969,2000061803
75,13,25.1869621276855,-30.2527770996094,2000061609
75,14,24.4273090362549,-30.6194458007813,2000061612
75,15,23.8073806762695,-31.4884948730469,2000061615
75,16,24.3297119140625,-33.0218811035156,2000061618
75,17,24.4310607910156,-34.0241394042969,2000061621
75,18,23.8434162139893,-34.6239318847656,2000061700
75,19,23.3672771453857,-35.7627868652344,2000061703
75,20,22.7779407501221,-36.4271850585938,2000061706
75,21,22.0854187011719,-36.7132568359375,2000061709
75,22,21.8147125244141,-37.6866455078125,2000061712
75,23,21.5398750305176,-38.5078430175781,2000061715
75,24,21.606517791748,-39.8345947265625,2000061718
75,25,21.2362060546875,-40.25,2000061721
75,26,20.9979228973389,-41.1787109375,2000061800
75,27,20.4489479064941,-42.001220703125,2000061803
75,28,19.831974029541,-42.9811706542969,2000061806
75,29,19.5037479400635,-43.6648559570313,2000061809
75,30,19.1594429016113,-44.4619140625,2000061812
77,13,17.8895893096924,-19.853515625,2000061803
77,14,17.77614402771,-20.2409362792969,2000061806
77,15,17.7550163269043,-20.5923461914063,2000061809
77,16,17.467399597168,-21.6408386230469,2000061812
77,17,17.6051559448242,-22.7970886230469,2000061815
77,18,17.9465770721436,-23.8594665527344,2000061818
77,19,16.4280090332031,-24.4583435058594,2000061821
77,20,16.1376190185547,-25.2835388183594,2000061900
77,21,15.9380111694336,-26.1218566894531,2000061903
86,2,9.36592960357666,-20.1437377929688,2000062518
86,3,9.74310398101807,-21.1111145019531,2000062521
86,4,10.2466049194336,-22.0418701171875,2000062600
86,5,10.7881088256836,-22.4775695800781,2000062603
86,6,11.2441520690918,-23.3369445800781,2000062606
86,7,11.6835889816284,-24.3026428222656,2000062609
86,8,11.4445295333862,-24.5743103027344,2000062612
86,9,10.980393409729,-25.1268005371094,2000062615
86,10,10.6259155273438,-26.0583190917969,2000062618
86,11,10.5422191619873,-26.6380310058594,2000062621
86,12,10.4021472930908,-27.2698364257813,2000062700
86,13,9.91068553924561,-28.2623291015625,2000062703
86,14,9.67899513244629,-29.7440490722656,2000062706
86,15,9.83708095550537,-30.6486511230469,2000062709
86,16,10.1105012893677,-31.3792114257813,2000062712
86,17,10.1287784576416,-32.5470581054688,2000062715
86,18,10.2130470275879,-33.5133666992188,2000062718
86,19,10.7285242080688,-33.9058227539063,2000062721
86,20,10.7658987045288,-34.2459411621094,2000062800
89,3,18.1141662597656,-19.8857727050781,2000062900
89,4,17.5293636322021,-20.7447204589844,2000062903
89,5,16.9334697723389,-21.4319152832031,2000062906
89,6,16.3531818389893,-21.9961547851563,2000062909
89,7,16.0618553161621,-22.9055480957031,2000062912
89,8,16.0549011230469,-24.0498046875,2000062915
89,9,16.1606521606445,-25.3483581542969,2000062918
89,10,16.2715473175049,-26.6343688964844,2000062921
89,11,16.2878551483154,-27.9000854492188,2000063000
89,12,16.1106967926025,-29.221923828125,2000063003
89,13,15.3439874649048,-30.90478515625,2000063006
89,14,14.7105159759521,-32.1815185546875,2000063009
89,15,13.8994045257568,-33.4947814941406,2000063012
89,16,14.754337310791,-34.2624816894531,2000063015
89,17,15.4916830062866,-35.3188171386719,2000063018
89,18,16.0487937927246,-36.5567321777344,2000063021
91,0,7.83659601211548,-38.2380676269531,2000063009
91,1,7.52123308181763,-39.9065551757813,2000063012
91,2,7.35565996170044,-41.106689453125,2000063015
91,3,7.64431476593018,-41.93359375,2000063018
91,4,7.6222071647644,-42.8941345214844,2000063021
91,5,7.5214729309082,-43.8709106445313,2000070100
91,6,7.88100481033325,-44.4611511230469,2000070103
91,7,7.76806116104126,-45.0325622558594,2000070106
91,8,8.06976890563965,-45.6188354492188,2000070109
91,9,8.02307415008545,-46.6809692382813,2000070112
91,10,8.36917209625244,-47.5641784667969,2000070115
91,11,8.85044002532959,-48.6015625,2000070118
91,12,9.07711505889893,-49.7775268554688,2000070121
91,13,9.03497505187988,-50.7413330078125,2000070200
91,14,8.67800998687744,-51.6547546386719,2000070203
91,15,8.41219139099121,-52.7745361328125,2000070206
91,16,8.10351657867432,-54.4458312988281,2000070209
91,17,8.04723834991455,-55.8148803710938,2000070212
91,18,7.76376295089722,-56.861572265625,2000070215
91,19,7.72221708297729,-57.5776062011719,2000070218
91,20,9.04315090179443,-58.2771911621094,2000070221
91,21,9.23042869567871,-59.2168273925781,2000070300
92,0,14.6815881729126,-28.1798095703125,2000063015
92,1,14.7907285690308,-28.9808044433594,2000063018
92,2,14.7656946182251,-29.8814697265625,2000063021
92,3,14.6877851486206,-30.7773742675781,2000070100
92,4,14.4572353363037,-31.6924743652344,2000070103
92,5,14.0830268859863,-32.5216979980469,2000070106
92,6,13.9149532318115,-33.7024841308594,2000070109
92,7,13.7115297317505,-34.8401489257813,2000070112
92,8,13.588116645813,-35.8381958007813,2000070115
92,9,12.9948530197144,-36.710693359375,2000070118
92,10,12.4867744445801,-37.4036254882813,2000070121
92,11,12.2661647796631,-38.0832824707031,2000070200
92,12,12.0338792800903,-39.017578125,2000070203
92,13,11.9921894073486,-39.8006591796875,2000070206
92,14,11.9307746887207,-40.7229309082031,2000070209
92,15,11.4426584243774,-41.7836303710938,2000070212
92,16,11.3646764755249,-43.550048828125,2000070215
92,17,11.3426103591919,-44.6485595703125,2000070218
92,18,11.2161808013916,-45.675048828125,2000070221
94,10,24.9148483276367,-42.8427124023438,2000070400
94,11,24.5678596496582,-43.7552490234375,2000070403
94,12,25.1089553833008,-44.6600646972656,2000070406
94,13,25.0435085296631,-45.100830078125,2000070409
94,14,24.1643962860107,-45.5824890136719,2000070412
94,15,23.4057559967041,-46.2325744628906,2000070415
94,16,23.6292896270752,-46.900634765625,2000070418
94,17,23.7851448059082,-47.3738708496094,2000070421
94,18,23.7136650085449,-48.2465515136719,2000070500
94,19,23.7005043029785,-48.8419494628906,2000070503
94,20,23.8037109375,-49.3957824707031,2000070506
94,21,23.820463180542,-50.1238708496094,2000070509
94,22,25.1182041168213,-51.0698547363281,2000070512
96,20,25.0756225585938,-21.0115356445313,2000070512
96,21,24.5131454467773,-20.5517578125,2000070515
96,22,23.9449329376221,-20.2442932128906,2000070518
96,23,23.3667945861816,-19.99853515625,2000070521
96,30,24.6148624420166,-20.1522216796875,2000070618
96,31,24.0528335571289,-20.5203857421875,2000070621
96,38,23.8305988311768,-24.9851379394531,2000070718
96,39,22.6341762542725,-26.3684692382813,2000070721
96,40,25.0424404144287,-25.3394775390625,2000070800
96,47,25.1820545196533,-28.3707275390625,2000070821
96,51,25.1212215423584,-31.5189819335938,2000070909
96,52,24.6580696105957,-32.4601135253906,2000070912
96,53,24.3698596954346,-33.3242492675781,2000070915
96,54,23.283878326416,-33.38037109375,2000070918
96,55,22.7271194458008,-33.8460998535156,2000070921
96,56,22.667516708374,-34.580810546875,2000071000
96,57,22.3400993347168,-35.3301696777344,2000071003
96,58,21.6508312225342,-36.0625305175781,2000071006
96,59,20.3183479309082,-37.0885314941406,2000071009
106,0,14.356125831604,-20.923828125,2000070912
106,1,14.4998636245728,-21.8514404296875,2000070915
106,2,14.2022514343262,-22.9692687988281,2000070918
106,3,13.9787549972534,-24.0440063476563,2000070921
106,4,13.958948135376,-25.1646423339844,2000071000
106,5,13.8303127288818,-26.5711669921875,2000071003
106,6,13.6928634643555,-28.0839538574219,2000071006
106,7,13.8587579727173,-29.4571533203125,2000071009
106,8,14.2557039260864,-30.4563293457031,2000071012
106,9,14.462776184082,-31.5064392089844,2000071015
106,10,14.1239852905273,-32.7044677734375,2000071018
106,11,13.8265924453735,-33.9246826171875,2000071021
106,12,13.6923246383667,-35.1988525390625,2000071100
106,13,13.7554321289063,-36.3679504394531,2000071103
106,14,13.9847087860107,-37.631103515625,2000071106
106,15,14.7048654556274,-39.1951904296875,2000071109
106,16,14.7239856719971,-40.3636779785156,2000071112
106,17,14.1266803741455,-41.5072631835938,2000071115
106,18,13.720009803772,-42.6387939453125,2000071118
112,0,6.57647705078125,-40.4810485839844,2000071718
112,1,6.43284797668457,-41.2550354003906,2000071721
112,2,6.34303712844849,-41.4246215820313,2000071800
112,3,6.5197319984436,-41.4524230957031,2000071803
112,4,6.65628814697266,-41.714111328125,2000071806
112,5,6.91924905776978,-42.0331420898438,2000071809
112,6,7.07824897766113,-42.6332092285156,2000071812
112,7,7.27452421188354,-43.2545776367188,2000071815
112,8,7.4911527633667,-44.1159057617188,2000071818
112,9,7.89695882797241,-44.9459228515625,2000071821
112,10,7.94720077514648,-45.9759216308594,2000071900
112,11,8.03927516937256,-46.7730102539063,2000071903
112,12,7.96159219741821,-47.5540771484375,2000071906
112,13,7.90943622589111,-48.6051940917969,2000071909
112,14,8.15564346313477,-49.3235168457031,2000071912
112,15,7.78913688659668,-50.6105346679688,2000071915
112,16,7.8950982093811,-51.4038696289063,2000071918
112,17,8.73107528686523,-51.5420532226563,2000071921
112,18,9.03946590423584,-52.0204162597656,2000072000
112,19,9.07214546203613,-52.6303100585938,2000072003
112,20,9.24925708770752,-53.2151489257813,2000072006
112,21,9.42677402496338,-54.1116333007813,2000072009
112,22,9.32901859283447,-54.9443664550781,2000072012
112,23,9.0172119140625,-56.3810729980469,2000072015
112,24,9.61594295501709,-56.7967834472656,2000072018
112,25,10.338002204895,-56.7385559082031,2000072021
113,29,25.2099094390869,-57.6215209960938,2000072112
113,30,25.0127143859863,-57.4069213867188,2000072115
113,31,24.7319221496582,-57.8995971679688,2000072118
113,32,24.3785610198975,-58.5140991210938,2000072121
113,33,24.1290512084961,-59.3071594238281,2000072200
113,34,23.956205368042,-59.9903259277344,2000072203
113,35,24.49538230896,-60.742919921875,2000072206
113,36,24.5037250518799,-62.3892517089844,2000072209
113,37,23.8308143615723,-62.5260009765625,2000072212
113,38,24.7745761871338,-61.7190856933594,2000072215
113,39,25.1620597839355,-62.0311889648438,2000072218
115,19,16.1637878417969,-19.8517456054688,2000072109
115,20,16.3018569946289,-19.8705139160156,2000072112
115,21,16.4622211456299,-20.0627136230469,2000072115
115,22,16.2474460601807,-20.7172241210938,2000072118
115,23,15.8446264266968,-21.3436279296875,2000072121
115,24,15.8795919418335,-21.2183532714844,2000072200
115,25,16.2657928466797,-21.0232543945313,2000072203
115,26,16.4947242736816,-20.9722595214844,2000072206
115,27,16.022819519043,-20.9633178710938,2000072209
115,28,15.0318508148193,-22.0273742675781,2000072212
115,29,14.3612718582153,-22.7153930664063,2000072215
115,30,14.8980598449707,-22.89990234375,2000072218
115,31,15.0788583755493,-23.9814453125,2000072221
117,33,21.3831214904785,-20.561279296875,2000072318
117,34,21.0141277313232,-21.9865417480469,2000072321
117,35,20.8745040893555,-22.9779663085938,2000072400
117,36,20.8065071105957,-23.7607116699219,2000072403
117,37,20.4880218505859,-24.6859130859375,2000072406
117,38,19.973108291626,-26.0080261230469,2000072409
117,39,19.9139823913574,-27.1460876464844,2000072412
117,40,20.3397407531738,-28.32080078125,2000072415
117,41,20.720422744751,-29.8506774902344,2000072418
117,42,20.7252750396729,-31.1282958984375,2000072421
117,43,20.9101371765137,-31.6908874511719,2000072500
117,44,21.0536670684814,-32.2415466308594,2000072503
117,45,21.9998188018799,-33.5470275878906,2000072506
117,46,22.346736907959,-34.3719787597656,2000072509
117,47,22.3185920715332,-35.4761047363281,2000072512
117,48,21.6593341827393,-36.4470825195313,2000072515
117,49,20.1936302185059,-36.9213562011719,2000072518
117,50,18.5354480743408,-37.6517333984375,2000072521
124,0,12.5110569000244,-23.9182434082031,2000072406
124,1,12.3674192428589,-24.1187744140625,2000072409
124,2,12.1587858200073,-23.529052734375,2000072412
124,3,11.7311353683472,-22.5634765625,2000072415
124,4,11.4617786407471,-22.404052734375,2000072418
124,5,11.4101085662842,-21.9826354980469,2000072421
124,6,11.5516510009766,-21.1293029785156,2000072500
124,7,11.6768112182617,-20.780029296875,2000072503
124,8,11.8338117599487,-20.5278625488281,2000072506
124,9,11.8488636016846,-20.8521728515625,2000072509
124,10,11.8046722412109,-21.3224182128906,2000072512
124,11,11.9605340957642,-21.1783142089844,2000072515
124,12,12.0112638473511,-21.322021484375,2000072518
124,13,11.9041118621826,-21.5134887695313,2000072521
124,14,12.2373723983765,-21.2437133789063,2000072600
124,15,12.5130796432495,-21.3020324707031,2000072603
124,16,12.4206352233887,-21.9689025878906,2000072606
124,17,12.2712516784668,-22.5928649902344,2000072609
124,18,13.2757701873779,-22.0848693847656,2000072612
124,19,13.6037769317627,-22.3008422851563,2000072615
124,20,13.6758718490601,-22.5531311035156,2000072618
124,21,13.8924236297607,-22.7195434570313,2000072621
124,22,14.0431203842163,-22.9931640625,2000072700
124,23,14.2567911148071,-23.5118713378906,2000072703
124,24,14.5166168212891,-23.7679138183594,2000072706
124,25,14.5393486022949,-23.7759399414063,2000072709
124,26,14.1961269378662,-24.6752014160156,2000072712
124,27,14.3551483154297,-25.4955139160156,2000072715
124,28,14.7784404754639,-26.0345764160156,2000072718
124,29,15.1321725845337,-26.4818420410156,2000072721
124,30,15.6284055709839,-26.6623229980469,2000072800
124,31,16.2668933868408,-26.7092895507813,2000072803
124,32,16.0829734802246,-26.84228515625,2000072806
124,33,15.7091693878174,-27.1415710449219,2000072809
124,34,15.5674724578857,-27.6223449707031,2000072812
124,35,15.4896535873413,-28.1348266601563,2000072815
124,36,15.6848974227905,-28.5813598632813,2000072818
124,37,16.1901378631592,-29.0794372558594,2000072821
124,38,16.6910362243652,-29.4443359375,2000072900
124,39,17.0675487518311,-29.8824768066406,2000072903
124,40,17.2425804138184,-30.2644348144531,2000072906
124,41,17.3053951263428,-30.7112426757813,2000072909
124,42,17.2372798919678,-31.3424987792969,2000072912
124,43,17.24875831604,-31.9495849609375,2000072915
124,44,17.2351627349854,-32.64794921875,2000072918
124,45,17.0668621063232,-33.2631530761719,2000072921
124,46,16.4967479705811,-33.7955627441406,2000073000
124,47,15.979079246521,-34.5976257324219,2000073003
124,48,14.3237771987915,-35.5077209472656,2000073006
128,8,9.44684791564941,-19.8066711425781,2000073009
128,17,13.7790756225586,-20.24072265625,2000073112
128,18,13.8836240768433,-20.9263610839844,2000073115
128,19,14.2244243621826,-21.53759765625,2000073118
128,20,14.3694543838501,-22.4528198242188,2000073121
128,21,14.4275884628296,-23.3866271972656,2000080100
128,22,14.5168333053589,-24.2963562011719,2000080103
128,23,14.4891748428345,-25.022216796875,2000080106
128,24,14.3646602630615,-25.6997375488281,2000080109
128,25,14.5012054443359,-26.0621643066406,2000080112
128,26,14.9435892105103,-26.7113342285156,2000080115
128,27,15.101354598999,-27.4023742675781,2000080118
128,28,15.1170711517334,-28.1376953125,2000080121
128,29,15.1329803466797,-29.3069152832031,2000080200
128,30,14.9818458557129,-30.1511840820313,2000080203
128,31,14.9317531585693,-30.6103210449219,2000080206
128,32,15.3304500579834,-30.5100708007813,2000080209
128,33,15.6137561798096,-30.4439697265625,2000080212
128,34,15.7133779525757,-30.5012512207031,2000080215
128,35,15.8728408813477,-30.8362121582031,2000080218
129,0,22.2418403625488,-64.6878662109375,2000072912
129,1,22.5278224945068,-65.0704956054688,2000072915
129,2,21.124174118042,-67.1287231445313,2000072918
129,3,21.7605228424072,-68.2020263671875,2000072921
129,4,22.5484867095947,-68.9702453613281,2000073000
129,5,22.6035976409912,-70.1766052246094,2000073003
133,0,18.8023719787598,-46.055419921875,2000080118
133,1,19.0442428588867,-47.5902709960938,2000080121
133,2,19.5632991790771,-49.37841796875,2000080200
133,3,19.646764755249,-50.6272583007813,2000080203
133,4,19.683219909668,-51.8124084472656,2000080206
133,5,20.0401401519775,-52.927734375,2000080209
133,6,21.469165802002,-53.7818298339844,2000080212
133,7,21.5105438232422,-55.20361328125,2000080215
133,8,21.0915565490723,-56.8013305664063,2000080218
133,9,19.6717643737793,-58.3658447265625,2000080221
133,10,18.2245197296143,-59.7433471679688,2000080300
133,11,17.4183731079102,-60.8269348144531,2000080303
133,12,17.3390464782715,-62.015625,2000080306
133,13,17.4946994781494,-63.1356506347656,2000080309
133,14,16.2669010162354,-62.7287292480469,2000080312
133,15,16.1211853027344,-62.7807922363281,2000080315
133,16,15.952392578125,-63.4822082519531,2000080318
134,20,21.5702247619629,-21.5176391601563,2000080409
134,21,21.5633335113525,-23.4326477050781,2000080412
134,22,21.6161022186279,-24.7129211425781,2000080415
134,23,21.2862911224365,-25.7566223144531,2000080418
137,5,19.7230434417725,-20.0404052734375,2000072915
137,6,19.5550117492676,-20.8279724121094,2000072918
137,7,19.4877624511719,-21.659912109375,2000072921
137,8,19.3244781494141,-22.6038208007813,2000073000
137,9,19.1038551330566,-23.4670715332031,2000073003
137,10,19.0059928894043,-24.8456115722656,2000073006
137,11,18.6449069976807,-25.9822387695313,2000073009
137,12,17.96510887146,-25.398193359375,2000073012
137,13,17.5675144195557,-24.9656372070313,2000073015
137,14,17.5760097503662,-26.3590087890625,2000073018
137,15,17.5844326019287,-27.1626281738281,2000073021
137,16,17.7220134735107,-26.8481750488281,2000073100
137,17,17.3870105743408,-27.8609313964844,2000073103
137,18,16.8169403076172,-29.7097473144531,2000073106
137,19,16.439115524292,-30.9836120605469,2000073109
137,20,16.1771392822266,-31.8494262695313,2000073112
137,21,16.1096515655518,-32.7054443359375,2000073115
137,22,15.9622459411621,-33.4474792480469,2000073118
137,23,15.1414546966553,-34.5176086425781,2000073121
137,24,14.618558883667,-35.3354187011719,2000080100
137,25,14.5342121124268,-36.5939331054688,2000080103
137,26,14.5275812149048,-37.3071594238281,2000080106
137,27,14.3425779342651,-37.8184204101563,2000080109
137,28,12.950382232666,-37.7513732910156,2000080112
137,29,12.254337310791,-37.4751892089844,2000080115
137,30,11.9542636871338,-36.3562927246094,2000080118
137,31,12.324107170105,-35.6471557617188,2000080121
139,30,23.2387752532959,-20.2474365234375,2000082109
139,31,22.9939918518066,-20.7916259765625,2000082112
139,32,22.5743789672852,-22.1712951660156,2000082115
140,0,15.131986618042,-40.7065734863281,2000080421
140,1,15.3780689239502,-41.9479370117188,2000080500
140,2,14.6959733963013,-42.7015380859375,2000080503
140,3,15.37562084198,-44.169921875,2000080506
140,4,15.6273288726807,-45.0569763183594,2000080509
140,5,15.95130443573,-46.1507568359375,2000080512
140,6,16.0516967773438,-47.1670532226563,2000080515
140,7,16.3596954345703,-48.8636169433594,2000080518
140,8,16.6578464508057,-50.2184448242188,2000080521
140,9,16.9407196044922,-51.8732604980469,2000080600
140,10,17.0438098907471,-53.2210388183594,2000080603
140,11,17.9754276275635,-54.6637878417969,2000080606
140,12,18.6591873168945,-55.9277648925781,2000080609
141,0,10.8922357559204,-43.2437438964844,2000080512
141,1,11.0158386230469,-44.7912902832031,2000080515
141,2,10.071590423584,-46.4721374511719,2000080518
141,3,9.45773124694824,-48.0209350585938,2000080521
141,4,9.0549144744873,-49.1053771972656,2000080600
141,5,8.84253883361816,-50.9453125,2000080603
141,6,9.44647979736328,-52.0011596679688,2000080606
141,7,9.9533109664917,-53.019775390625,2000080609
141,8,10.2128496170044,-54.0316162109375,2000080612
141,9,10.7033958435059,-54.3824157714844,2000080615
141,10,11.6451416015625,-54.4513854980469,2000080618
141,11,12.2961206436157,-54.5785522460938,2000080621
141,12,12.5834369659424,-54.9013671875,2000080700
141,13,12.4200401306152,-55.9482727050781,2000080703
141,14,12.3703832626343,-56.8875427246094,2000080706
141,15,12.3748636245728,-57.9162902832031,2000080709
141,16,12.4670505523682,-58.9543151855469,2000080712
141,17,12.66832447052,-60.2724609375,2000080715
141,18,12.9005699157715,-60.9629211425781,2000080718
144,0,19.797082901001,-57.8683166503906,2000080612
144,1,19.7268371582031,-59.3638916015625,2000080615
144,2,19.783390045166,-60.3810424804688,2000080618
144,3,20.2522506713867,-61.5082702636719,2000080621
144,4,19.7193794250488,-62.2484130859375,2000080700
144,5,19.0722637176514,-63.0169982910156,2000080703
144,6,19.4003963470459,-64.0319519042969,2000080706
144,7,19.9908256530762,-65.0859375,2000080709
144,8,20.1384830474854,-65.7768859863281,2000080712
144,9,19.9714317321777,-66.7103881835938,2000080715
144,10,20.4064044952393,-67.6333618164063,2000080718
144,11,20.878267288208,-68.5317993164063,2000080721
144,12,20.9814777374268,-69.1866455078125,2000080800
144,13,21.6142177581787,-69.7919616699219,2000080803
145,2,16.8974208831787,-20.6400146484375,2000080700
145,3,16.5202579498291,-21.5648803710938,2000080703
145,4,16.1650981903076,-22.542236328125,2000080706
145,5,15.9045562744141,-23.3564147949219,2000080709
145,6,15.4596633911133,-24.0044860839844,2000080712
145,7,15.2047624588013,-24.6012268066406,2000080715
145,8,15.1464929580688,-25.1663208007813,2000080718
145,9,14.050802230835,-24.533203125,2000080721
145,10,13.5716848373413,-24.6919250488281,2000080800
145,11,11.5892686843872,-24.5550842285156,2000080803
145,12,11.3249464035034,-25.09130859375,2000080806
145,13,11.0532217025757,-25.6321411132813,2000080809
145,14,10.7593393325806,-26.0382080078125,2000080812
145,15,10.6853017807007,-26.7315673828125,2000080815
145,16,10.4089412689209,-27.6433410644531,2000080818
145,17,9.83576488494873,-28.3569946289063,2000080821
145,18,9.80873870849609,-28.5268859863281,2000080900
145,19,9.77358531951904,-29.0215454101563,2000080903
145,20,10.256459236145,-29.3601379394531,2000080906
145,21,10.5665130615234,-29.6765747070313,2000080909
145,22,10.3454666137695,-30.190185546875,2000080912
145,23,9.8552417755127,-31.6201782226563,2000080915
145,24,9.63176345825195,-32.4140319824219,2000080918
145,25,9.63886070251465,-32.8721923828125,2000080921
145,26,9.60545253753662,-32.7852172851563,2000081000
145,27,9.87914752960205,-32.3629760742188,2000081003
145,28,9.96281433105469,-32.7319030761719,2000081006
145,29,9.87716960906982,-33.3944702148438,2000081009
148,0,11.3369112014771,-21.3680114746094,2000080921
148,1,11.2994737625122,-22.2840576171875,2000081000
148,2,11.5781726837158,-23.0763549804688,2000081003
148,3,12.2957983016968,-23.9118957519531,2000081006
148,4,12.6532697677612,-24.6121826171875,2000081009
148,5,12.3062133789063,-25.1102600097656,2000081012
148,6,12.0813045501709,-25.4664611816406,2000081015
148,7,12.1609468460083,-25.6421813964844,2000081018
148,8,12.3603296279907,-25.7557983398438,2000081021
148,9,12.7297201156616,-26.2506408691406,2000081100
148,10,13.295952796936,-26.8604125976563,2000081103
148,11,13.8936729431152,-27.3306579589844,2000081106
148,12,14.2829847335815,-27.7724304199219,2000081109
148,13,14.0028848648071,-28.6473083496094,2000081112
148,14,13.6910724639893,-29.8557739257813,2000081115
148,15,13.8059921264648,-30.4193725585938,2000081118
148,16,13.9752807617188,-30.8406066894531,2000081121
148,17,14.1010732650757,-31.541259765625,2000081200
148,18,14.8753538131714,-32.3561096191406,2000081203
148,19,15.0659532546997,-33.3678588867188,2000081206
148,20,14.9847745895386,-34.3050842285156,2000081209
148,21,15.0740451812744,-35.3098754882813,2000081212
148,22,14.9133977890015,-36.1035461425781,2000081215
148,23,14.6853055953979,-37.0869750976563,2000081218
148,24,14.9833250045776,-38.2228393554688,2000081221
148,25,15.4299392700195,-39.1228332519531,2000081300
148,26,15.7134532928467,-40.0629272460938,2000081303
148,27,15.7983713150024,-41.0283813476563,2000081306
148,28,15.9280347824097,-41.8278503417969,2000081309
148,29,16.2820091247559,-42.8981628417969,2000081312
148,30,16.5933322906494,-43.7525939941406,2000081315
148,31,16.8811302185059,-44.7471313476563,2000081318
148,32,17.2193489074707,-45.79248046875,2000081321
148,33,17.3603000640869,-47.0975341796875,2000081400
148,34,17.6344604492188,-48.43603515625,2000081403
148,35,17.8540821075439,-49.7379150390625,2000081406
148,36,18.5838451385498,-51.052490234375,2000081409
148,37,19.1680126190186,-52.4241027832031,2000081412
148,38,19.429780960083,-53.4720458984375,2000081415
148,39,19.7402782440186,-54.4874267578125,2000081418
148,40,19.9576721191406,-55.3678283691406,2000081421
148,41,20.7137317657471,-57.0721435546875,2000081500
148,42,21.1529636383057,-58.7521057128906,2000081503
148,43,22.2914142608643,-60.427734375,2000081506
148,44,22.9070434570313,-61.6280212402344,2000081509
148,45,22.79518699646,-62.3695983886719,2000081512
151,22,11.9154491424561,-19.7449035644531,2000081321
151,23,12.1404695510864,-20.4955444335938,2000081400
151,24,12.4806394577026,-21.4464111328125,2000081403
151,25,12.854320526123,-22.1268615722656,2000081406
151,26,13.2376041412354,-22.778076171875,2000081409
151,27,13.4290409088135,-23.8912353515625,2000081412
151,28,13.5222730636597,-25.2349243164063,2000081415
151,29,13.753381729126,-26.3664855957031,2000081418
151,30,13.9833717346191,-27.6472473144531,2000081421
151,31,14.0947685241699,-28.5907592773438,2000081500
151,32,14.1315956115723,-29.6445007324219,2000081503
151,33,14.0987825393677,-30.0365295410156,2000081506
151,34,13.9300174713135,-30.73095703125,2000081509
151,35,13.6970653533936,-32.2151489257813,2000081512
151,36,13.4644012451172,-34.015625,2000081515
151,37,13.5317125320435,-34.3247985839844,2000081518
153,40,18.3362445831299,-20.0054321289063,2000081809
153,41,18.2948532104492,-20.3338928222656,2000081812
153,42,18.0908012390137,-20.7102661132813,2000081815
153,43,17.928108215332,-21.3034973144531,2000081818
153,44,17.9370441436768,-21.9259643554688,2000081821
153,45,17.7888736724854,-22.98193359375,2000081900
153,46,17.6280422210693,-23.9787902832031,2000081903
153,47,17.4581909179688,-24.7531127929688,2000081906
153,48,17.1041507720947,-25.4321594238281,2000081909
153,49,16.8970718383789,-25.2480163574219,2000081912
153,50,16.9775867462158,-23.4466247558594,2000081915
153,51,16.7726192474365,-23.8962097167969,2000081918
154,0,18.9834880828857,-27.00146484375,2000081315
154,1,18.7091102600098,-28.5417785644531,2000081318
154,2,19.2145595550537,-30.0580749511719,2000081321
154,3,20.1837577819824,-31.4386901855469,2000081400
154,4,21.4024181365967,-32.9353942871094,2000081403
154,5,21.3669204711914,-34.1886596679688,2000081406
154,6,21.1556396484375,-35.428466796875,2000081409
154,7,20.624153137207,-36.5718383789063,2000081412
154,8,19.824068069458,-37.8095703125,2000081415
154,9,19.4372882843018,-38.9873352050781,2000081418
154,10,19.0217666625977,-40.1243896484375,2000081421
154,11,18.3970260620117,-41.3966674804688,2000081500
154,12,17.9733581542969,-42.760498046875,2000081503
154,13,16.5730113983154,-43.5961608886719,2000081506
154,14,15.5078573226929,-44.6599731445313,2000081509
155,0,21.5121459960938,-65.14892578125,2000081500
155,1,21.7004566192627,-65.8849182128906,2000081503
155,2,22.0214195251465,-67.4368591308594,2000081506
155,3,21.4933776855469,-68.4454650878906,2000081509
155,4,21.6215114593506,-70.0099487304688,2000081512
158,30,17.7191905975342,-19.9626159667969,2000081200
158,31,17.4256496429443,-20.6746520996094,2000081203
158,32,17.0147972106934,-21.6708984375,2000081206
158,33,16.6605110168457,-22.3202514648438,2000081209
158,34,16.5350570678711,-22.8155212402344,2000081212
158,35,16.2859745025635,-23.5752868652344,2000081215
158,36,16.0174674987793,-24.3787841796875,2000081218
158,37,15.7882146835327,-25.0231018066406,2000081221
158,38,15.2468233108521,-25.3321533203125,2000081300
158,39,14.7074670791626,-25.7008972167969,2000081303
158,40,14.2284212112427,-25.9563293457031,2000081306
158,41,13.4750967025757,-26.0765991210938,2000081309
158,42,12.0889835357666,-25.9967041015625,2000081312
158,43,10.6594877243042,-25.646728515625,2000081315
159,13,17.9667816162109,-19.7232971191406,2000081509
159,15,17.7319717407227,-20.0630187988281,2000081515
159,16,18.0379791259766,-21.03369140625,2000081518
159,17,17.8970012664795,-22.5122680664063,2000081521
159,18,17.5039653778076,-23.8962707519531,2000081600
159,19,17.1743679046631,-24.8644714355469,2000081603
159,20,16.4091567993164,-25.6435546875,2000081606
159,21,15.6141805648804,-26.2796325683594,2000081609
159,22,15.1275396347046,-27.2530212402344,2000081612
159,23,14.8141460418701,-28.3413696289063,2000081615
159,24,14.4274215698242,-29.3450012207031,2000081618
159,25,14.2741861343384,-30.4851379394531,2000081621
159,26,14.1827440261841,-31.7505493164063,2000081700
159,27,13.9241552352905,-32.6354064941406,2000081703
159,28,13.4873237609863,-33.1292724609375,2000081706
159,29,12.6314582824707,-33.0156555175781,2000081709
169,0,12.6546802520752,-31.3424377441406,2000082109
169,1,12.8531017303467,-31.4440002441406,2000082112
169,2,12.9807252883911,-31.920654296875,2000082115
169,3,13.117205619812,-32.4647216796875,2000082118
169,4,13.3698892593384,-33.0563049316406,2000082121
169,5,13.680775642395,-33.4689636230469,2000082200
169,6,13.8726253509521,-33.979248046875,2000082203
169,7,13.9754104614258,-34.7206420898438,2000082206
169,8,13.9341459274292,-35.5942993164063,2000082209
169,9,13.8761863708496,-36.4036865234375,2000082212
169,10,13.8555116653442,-37.1064758300781,2000082215
169,11,14.1160497665405,-37.4879455566406,2000082218
169,12,14.2520065307617,-38.0746459960938,2000082221
169,13,14.5347719192505,-38.336181640625,2000082300
169,14,14.9349679946899,-38.4420166015625,2000082303
169,15,15.1451244354248,-38.9970092773438,2000082306
169,16,15.3194456100464,-39.5622253417969,2000082309
169,17,15.589674949646,-40.1756896972656,2000082312
169,18,15.739221572876,-40.6817932128906,2000082315
169,19,15.7625846862793,-41.1800231933594,2000082318
169,20,15.7440881729126,-41.9386291503906,2000082321
169,21,15.85329246521,-42.6729431152344,2000082400
169,22,15.9668283462524,-43.051025390625,2000082403
169,23,16.0418319702148,-43.5068664550781,2000082406
169,24,16.2223415374756,-44.2103881835938,2000082409
169,25,16.6148452758789,-44.8500366210938,2000082412
169,26,16.933874130249,-45.2735595703125,2000082415
169,27,16.9468364715576,-46.0614013671875,2000082418
169,28,17.4988136291504,-47.0071411132813,2000082421
169,29,18.2896099090576,-47.8037719726563,2000082500
176,0,14.6103820800781,-29.1780395507813,2000082315
176,1,14.4078216552734,-29.5393676757813,2000082318
176,2,14.2180118560791,-29.6503295898438,2000082321
176,3,13.8225545883179,-29.6168823242188,2000082400
176,4,13.403787612915,-29.7600708007813,2000082403
176,5,13.3442163467407,-29.6595153808594,2000082406
176,6,13.4151773452759,-29.4444580078125,2000082409
176,7,13.667181968689,-30.0568237304688,2000082412
176,8,13.7502326965332,-30.8656616210938,2000082415
176,9,13.8851041793823,-32.0407409667969,2000082418
176,10,13.8603897094727,-33.2625427246094,2000082421
176,11,13.6170387268066,-34.1578369140625,2000082500
176,12,13.4020614624023,-35.050537109375,2000082503
176,13,12.8579578399658,-35.9456787109375,2000082506
176,14,12.2824878692627,-37.1991577148438,2000082509
176,15,12.2202005386353,-38.2486267089844,2000082512
176,16,12.2081851959229,-39.5786743164063,2000082515
176,17,12.3221435546875,-40.6199035644531,2000082518
176,18,12.4513654708862,-41.6260681152344,2000082521
176,19,12.585597038269,-42.7462158203125,2000082600
176,20,13.2132482528687,-44.0604248046875,2000082603
176,21,13.6774339675903,-44.8331909179688,2000082606
176,22,13.707221031189,-45.406005859375,2000082609
176,23,13.1553716659546,-46.2066345214844,2000082612
176,24,13.343409538269,-47.1830139160156,2000082615
176,25,13.3602123260498,-48.676025390625,2000082618
181,0,23.1569385528564,-20.4940795898438,2000082709
181,1,23.9280700683594,-21.107666015625,2000082712
181,2,24.3071804046631,-22.0750732421875,2000082715
181,3,23.605884552002,-23.077880859375,2000082718
181,4,23.065637588501,-23.9576721191406,2000082721
181,5,23.1162376403809,-24.4338073730469,2000082800
181,6,22.3900241851807,-25.3387756347656,2000082803
181,7,22.3593482971191,-25.7890319824219,2000082806
181,8,22.9113883972168,-26.0550231933594,2000082809
181,9,22.7330074310303,-26.4232788085938,2000082812
181,10,19.8207702636719,-26.95263671875,2000082815
181,11,18.9052410125732,-27.3773803710938,2000082818
181,12,19.7445278167725,-28.3452453613281,2000082821
181,13,20.4066905975342,-29.229736328125,2000082900
181,14,20.9473876953125,-30.3488464355469,2000082903
181,15,20.0686435699463,-31.3577270507813,2000082906
181,16,20.3746509552002,-32.0532531738281,2000082909
181,17,20.1145725250244,-32.8599853515625,2000082912
181,18,19.946174621582,-33.8619995117188,2000082915
181,19,20.0150508880615,-34.6169128417969,2000082918
181,20,19.9214859008789,-35.4072875976563,2000082921
181,21,21.0082740783691,-36.0880432128906,2000083000
181,22,22.0904140472412,-36.21533203125,2000083003
182,0,15.4123468399048,-35.2128295898438,2000082715
182,1,15.7420520782471,-36.0186157226563,2000082718
182,2,16.1859397888184,-36.9454956054688,2000082721
182,3,16.9083709716797,-37.6700744628906,2000082800
182,4,16.7110176086426,-38.441162109375,2000082803
182,5,16.7627258300781,-39.1401672363281,2000082806
182,6,16.8535919189453,-39.7252807617188,2000082809
182,7,17.3670406341553,-40.093994140625,2000082812
182,8,17.8712978363037,-40.3102111816406,2000082815
182,9,18.5689888000488,-41.135498046875,2000082818
182,10,18.1219882965088,-41.7895812988281,2000082821
182,11,17.2081451416016,-42.7724304199219,2000082900
182,12,17.6036548614502,-44.2183837890625,2000082903
182,13,19.106351852417,-43.7658996582031,2000082906
182,14,19.7230072021484,-43.874267578125,2000082909
182,15,19.0903205871582,-44.6618347167969,2000082912
182,16,18.7488784790039,-45.7383422851563,2000082915
182,17,18.873571395874,-46.925537109375,2000082918
182,18,19.3451900482178,-47.6999816894531,2000082921
182,19,19.1557750701904,-48.570556640625,2000083000
182,20,21.1548957824707,-49.5787658691406,2000083003
182,21,19.2382297515869,-49.9153442382813,2000083006
182,22,18.9339580535889,-50.229248046875,2000083009
182,23,19.6980571746826,-51.0699768066406,2000083012
182,24,20.0954761505127,-51.9429016113281,2000083015
182,25,20.0437602996826,-52.6563415527344,2000083018
182,26,20.1855773925781,-53.4798278808594,2000083021
182,27,20.346399307251,-54.1226806640625,2000083100
182,28,20.7548656463623,-54.3825378417969,2000083103
182,29,21.5702800750732,-54.6131286621094,2000083106
182,30,22.1042919158936,-55.0357666015625,2000083109
182,31,21.9698371887207,-55.6846008300781,2000083112
182,32,21.6993217468262,-56.5036926269531,2000083115
182,33,21.5116863250732,-57.1046752929688,2000083118
182,34,22.5287342071533,-56.5380249023438,2000083121
182,35,22.7676849365234,-56.9249877929688,2000090100
182,36,22.7612266540527,-57.0765686035156,2000090103
182,37,22.6450176239014,-56.978271484375,2000090106
182,38,22.4641017913818,-57.2675476074219,2000090109
182,39,21.8447971343994,-58.0640869140625,2000090112
184,0,12.4443454742432,-21.8626098632813,2000082906
184,1,12.3155899047852,-22.7237854003906,2000082909
184,2,12.3234338760376,-21.7838439941406,2000082912
184,3,12.7538795471191,-21.1784057617188,2000082915
184,4,13.0589914321899,-21.9557800292969,2000082918
184,5,12.8289489746094,-23.619384765625,2000082921
184,6,12.8086786270142,-24.8484497070313,2000083000
184,7,13.1788997650146,-25.6950378417969,2000083003
184,8,13.6139497756958,-26.4791259765625,2000083006
184,9,13.9801979064941,-27.6349792480469,2000083009
184,10,13.777624130249,-28.7181091308594,2000083012
184,11,13.4925632476807,-29.6782836914063,2000083015
184,12,13.2923011779785,-30.436767578125,2000083018
184,13,13.1694297790527,-31.1663208007813,2000083021
184,14,13.2158136367798,-31.7214660644531,2000083100
184,15,13.2248411178589,-32.2078552246094,2000083103
184,16,12.9232864379883,-32.6382751464844,2000083106
184,17,12.7624254226685,-33.32470703125,2000083109
184,18,13.0135841369629,-33.7623596191406,2000083112
184,19,13.2750196456909,-34.1671752929688,2000083115
184,20,13.3925533294678,-34.6058349609375,2000083118
184,21,13.4481906890869,-35.4073486328125,2000083121
184,22,13.1650390625,-36.3188171386719,2000090100
188,4,10.3684921264648,-19.9809265136719,2000090112
188,5,10.6696090698242,-20.5046081542969,2000090115
188,6,11.0784482955933,-20.9691772460938,2000090118
188,7,11.1955509185791,-21.6222534179688,2000090121
188,8,11.2621202468872,-22.3817749023438,2000090200
188,9,11.4388570785522,-23.0539855957031,2000090203
188,10,11.2415647506714,-23.9178771972656,2000090206
188,11,11.1846790313721,-24.6041259765625,2000090209
188,12,11.4762229919434,-25.1318054199219,2000090212
188,13,11.6232423782349,-25.8194885253906,2000090215
188,14,11.4377689361572,-26.8868713378906,2000090218
188,15,11.0540523529053,-28.4808044433594,2000090221
188,16,11.2609605789185,-28.9358825683594,2000090300
188,17,11.5979814529419,-29.3582153320313,2000090303
188,18,11.9255685806274,-29.8161010742188,2000090306
188,19,12.2110118865967,-30.3155517578125,2000090309
188,20,12.7636985778809,-30.7142333984375,2000090312
188,21,13.3061304092407,-31.1215515136719,2000090315
188,22,14.0286140441895,-31.2487182617188,2000090318
188,23,14.4338150024414,-31.7260131835938,2000090321
188,24,15.0019102096558,-32.0626525878906,2000090400
188,25,15.6373710632324,-32.4020385742188,2000090403
188,26,16.0841407775879,-33.0118408203125,2000090406
188,27,16.2511806488037,-33.6847534179688,2000090409
188,28,16.1119995117188,-34.0693664550781,2000090412
188,29,16.2006282806396,-34.6023559570313,2000090415
188,30,16.0148296356201,-36.0431823730469,2000090418
194,0,9.7937536239624,-40.0403747558594,2000090700
194,1,9.85090923309326,-40.7793579101563,2000090703
194,2,9.87543678283691,-41.1873168945313,2000090706
194,3,9.86572933197021,-41.7451171875,2000090709
194,4,10.1291027069092,-42.3744201660156,2000090712
194,5,10.2145414352417,-43.2900085449219,2000090715
194,6,9.86459541320801,-44.3897399902344,2000090718
194,7,9.45317268371582,-45.3728942871094,2000090721
194,8,9.00931644439697,-46.3572998046875,2000090800
194,9,8.85180759429932,-47.0538635253906,2000090803
194,10,9.10268306732178,-47.5882568359375,2000090806
194,11,9.12344837188721,-48.1921081542969,2000090809
194,12,8.98933792114258,-49.0074768066406,2000090812
194,13,8.88996315002441,-49.8775329589844,2000090815
194,14,9.27336978912354,-50.6215209960938,2000090818
194,15,9.36209869384766,-51.4855651855469,2000090821
194,16,9.45904922485352,-52.3327331542969,2000090900
194,17,9.45180034637451,-53.1286010742188,2000090903
194,18,9.42541027069092,-54.0134582519531,2000090906
194,19,9.41773509979248,-54.8997192382813,2000090909
194,20,9.92601013183594,-56.2186889648438,2000090912
194,21,10.5716028213501,-57.44970703125,2000090915
194,22,10.9943113327026,-58.6526184082031,2000090918
194,23,11.2274951934814,-59.8526611328125,2000090921
194,24,10.9941062927246,-60.0596618652344,2000091000
196,22,16.8931713104248,-20.6296081542969,2000091015
196,23,17.0765476226807,-22.0801086425781,2000091018
196,24,17.1988201141357,-22.6980895996094,2000091021
196,25,17.2768058776855,-23.4302673339844,2000091100
196,26,17.2674884796143,-24.3701782226563,2000091103
196,27,17.0767021179199,-25.1003723144531,2000091106
196,28,16.8889751434326,-25.7960510253906,2000091109
196,29,16.5297203063965,-26.6851196289063,2000091112
196,30,16.3159160614014,-27.7233581542969,2000091115
196,31,15.862813949585,-28.2726440429688,2000091118
196,32,15.3893594741821,-28.6258850097656,2000091121
196,33,15.6279067993164,-30.0634155273438,2000091200
196,34,15.754340171814,-31.2608947753906,2000091203
196,35,16.0403747558594,-32.6127014160156,2000091206
196,36,15.2815208435059,-33.0295715332031,2000091209
196,37,14.2010526657104,-32.5408325195313,2000091212
196,38,13.1014270782471,-31.8274841308594,2000091215
199,9,18.4731845855713,-20.1214294433594,2000091312
199,10,17.8978366851807,-20.6846008300781,2000091315
199,11,17.9526653289795,-21.4424438476563,2000091318
199,12,17.7818832397461,-22.1033325195313,2000091321
199,13,17.3999633789063,-22.7718200683594,2000091400
199,14,17.3162250518799,-23.80859375,2000091403
199,15,16.8299713134766,-24.1649780273438,2000091406
199,16,16.8409061431885,-24.6844787597656,2000091409
199,17,17.1319980621338,-25.4771728515625,2000091412
199,18,17.0519504547119,-25.8959350585938,2000091415
199,19,16.6745319366455,-26.3070983886719,2000091418
199,20,16.7448673248291,-27.5967407226563,2000091421
199,21,16.5587120056152,-28.2568969726563,2000091500
199,22,16.4953842163086,-28.7009887695313,2000091503
199,23,16.3978481292725,-28.635498046875,2000091506
203,0,13.3797378540039,-49.4952697753906,2000091506
203,1,13.3396310806274,-51.3208618164063,2000091509
204,10,19.6373634338379,-19.7337646484375,2000091712
204,11,19.6583137512207,-20.5083312988281,2000091715
204,12,19.4951286315918,-21.576171875,2000091718
204,13,19.2822856903076,-22.427001953125,2000091721
204,14,19.161283493042,-23.0096740722656,2000091800
204,15,19.0463218688965,-23.6908264160156,2000091803
204,16,19.5205726623535,-24.7550659179688,2000091806
204,17,19.7186164855957,-26.2181396484375,2000091809
204,18,19.081901550293,-27.4295959472656,2000091812
204,19,18.6334476470947,-28.6387329101563,2000091815
204,20,18.2667827606201,-29.7466735839844,2000091818
204,21,17.9303798675537,-30.5624084472656,2000091821
204,22,18.0021457672119,-31.6614685058594,2000091900
204,23,18.4296474456787,-32.7889709472656,2000091903
204,24,18.3916416168213,-33.5502014160156,2000091906
204,25,20.9139671325684,-33.9664916992188,2000091909
204,26,21.4465103149414,-34.8548583984375,2000091912
204,27,21.3596305847168,-35.6051635742188,2000091915
204,28,20.9154052734375,-36.7584228515625,2000091918
204,29,20.8014869689941,-38.0672912597656,2000091921
204,30,21.1650447845459,-39.3338012695313,2000092000
204,31,21.034107208252,-41.0805053710938,2000092003
204,32,21.5877017974854,-41.9279479980469,2000092006
204,33,21.9306316375732,-42.6405029296875,2000092009
204,34,19.1337833404541,-44.6091613769531,2000092012
204,35,19.7947292327881,-45.2330017089844,2000092015
204,36,21.2508888244629,-44.416748046875,2000092018
210,35,25.1026382446289,-64.1491394042969,2000092309
211,47,13.9607410430908,-19.8612365722656,2000092600
211,48,13.6543464660645,-20.4593200683594,2000092603
211,49,13.6376905441284,-20.7656860351563,2000092606
211,50,13.5749711990356,-20.9002685546875,2000092609
211,51,13.2104253768921,-21.2091979980469,2000092612
211,52,12.5879411697388,-21.6354675292969,2000092615
211,53,12.3187322616577,-22.6705322265625,2000092618
211,54,12.0263137817383,-23.4278259277344,2000092621
211,55,11.553373336792,-23.6533508300781,2000092700
211,56,11.5514001846313,-24.1769714355469,2000092703
211,57,11.4728784561157,-24.1754760742188,2000092706
211,58,11.1835279464722,-24.0416564941406,2000092709
211,59,10.9576959609985,-24.1433410644531,2000092712
211,60,10.908106803894,-25.0564575195313,2000092715
211,61,10.9349584579468,-25.8640441894531,2000092718
211,62,10.7867574691772,-26.7782897949219,2000092721
211,63,10.630651473999,-26.4951782226563,2000092800
213,0,14.2501983642578,-38.7378540039063,2000092021
213,1,14.080548286438,-39.8855590820313,2000092100
213,2,14.7739448547363,-40.5668334960938,2000092103
213,3,15.2468767166138,-41.3307189941406,2000092106
213,4,15.7664375305176,-42.2825317382813,2000092109
213,5,17.608247756958,-42.3346557617188,2000092112
213,6,18.3627090454102,-43.0844421386719,2000092115
213,7,18.4377288818359,-44.2818908691406,2000092118
213,8,18.6674461364746,-45.1238098144531,2000092121
213,9,18.9712753295898,-46.0216979980469,2000092200
213,10,19.2992610931396,-46.7222290039063,2000092203
213,11,19.4889831542969,-47.669677734375,2000092206
213,12,19.7096366882324,-48.5736083984375,2000092209
213,13,19.9440612792969,-48.9229736328125,2000092212
213,14,20.2044582366943,-49.3210754394531,2000092215
213,15,20.8971405029297,-49.7978820800781,2000092218
213,16,21.4603500366211,-50.1616516113281,2000092221
213,17,21.7566070556641,-50.6545104980469,2000092300
213,18,23.2996883392334,-50.7904663085938,2000092303
213,19,23.5790843963623,-51.4940490722656,2000092306
213,20,24.001708984375,-52.4069519042969,2000092309
213,21,24.6987819671631,-52.1188354492188,2000092312
213,22,24.8285446166992,-51.886474609375,2000092315
213,23,24.1939258575439,-52.2509155273438,2000092318
213,24,24.3180885314941,-52.3181762695313,2000092321
213,25,24.8792018890381,-52.5753784179688,2000092400
213,26,25.1737270355225,-53.2220764160156,2000092403
213,29,24.8569355010986,-55.6227416992188,2000092412
213,30,23.571891784668,-57.4682006835938,2000092415
213,31,24.1509761810303,-58.0455932617188,2000092418
213,32,24.5472373962402,-58.6019897460938,2000092421
213,33,24.8346557617188,-59.4283752441406,2000092500
215,0,11.247275352478,-20.9051208496094,2000092312
215,1,10.8450927734375,-21.1658020019531,2000092315
215,2,10.6004753112793,-21.6553649902344,2000092318
215,3,10.528094291687,-22.0748901367188,2000092321
215,4,10.4906635284424,-22.4448852539063,2000092400
215,5,10.8066120147705,-23.091552734375,2000092403
215,6,11.2299547195435,-23.6174926757813,2000092406
215,7,11.8583574295044,-24.4494934082031,2000092409
215,8,12.1695117950439,-25.3888549804688,2000092412
215,9,12.1412754058838,-25.8960876464844,2000092415
215,10,11.9784784317017,-26.1616821289063,2000092418
215,11,11.7482233047485,-26.4972839355469,2000092421
215,12,11.6597471237183,-27.0881042480469,2000092500
215,13,11.5509338378906,-27.5764770507813,2000092503
215,14,11.4599380493164,-27.9637756347656,2000092506
215,15,11.5192785263062,-28.2467956542969,2000092509
217,0,23.8141746520996,-22.2057189941406,2000092800
217,1,22.8443279266357,-23.4694213867188,2000092803
217,2,19.846378326416,-24.5466918945313,2000092806
217,3,19.0264339447021,-25.4483642578125,2000092809
217,4,19.5259265899658,-26.4294738769531,2000092812
217,5,19.9486141204834,-27.8126831054688,2000092815
217,6,20.7198238372803,-29.2758178710938,2000092818
217,7,20.9281959533691,-31.1571044921875,2000092821
217,8,20.9276809692383,-33.4180908203125,2000092900
217,9,20.9575710296631,-35.4387817382813,2000092903
217,10,19.4821071624756,-37.7633972167969,2000092906
220,14,11.4513273239136,-20.0016784667969,2000100300
220,15,11.878978729248,-20.4148864746094,2000100303
220,16,11.8532838821411,-20.9181213378906,2000100306
220,17,11.0405378341675,-21.519287109375,2000100309
220,18,11.1630277633667,-21.9315185546875,2000100312
220,19,12.3289184570313,-22.5809631347656,2000100315
220,20,12.71364402771,-23.7145690917969,2000100318
220,21,12.5570249557495,-24.3369445800781,2000100321
220,22,12.698540687561,-24.7421569824219,2000100400
220,23,13.1741285324097,-25.1004638671875,2000100403
220,24,13.5588684082031,-25.8120727539063,2000100406
220,25,13.5504579544067,-26.2594909667969,2000100409
220,26,13.8272275924683,-26.4890747070313,2000100412
220,27,14.299259185791,-26.9593811035156,2000100415
220,28,14.4178781509399,-27.5630493164063,2000100418
220,29,14.3618421554565,-28.1019592285156,2000100421
220,30,14.556752204895,-28.3218078613281,2000100500
220,31,14.8932037353516,-28.5961608886719,2000100503
220,32,14.9820585250854,-29.2652587890625,2000100506
220,33,15.5133638381958,-30.1007995605469,2000100509
220,34,16.0724773406982,-30.5803833007813,2000100512
220,35,15.8594980239868,-30.9771118164063,2000100515
220,36,15.7527713775635,-31.7197875976563,2000100518
220,37,15.9236450195313,-32.3674926757813,2000100521
220,38,16.0138759613037,-32.8704833984375,2000100600
220,39,15.9746227264404,-33.2628173828125,2000100603
220,40,16.0665378570557,-33.52734375,2000100606
220,41,16.4605350494385,-33.81103515625,2000100609
220,42,16.7378673553467,-34.227783203125,2000100612
220,43,17.1287269592285,-34.8851928710938,2000100615
220,44,17.2818298339844,-35.5989990234375,2000100618
220,45,17.2226257324219,-36.2186584472656,2000100621
220,46,17.5654544830322,-36.5564880371094,2000100700
220,47,18.0168037414551,-36.8013916015625,2000100703
220,48,18.3209686279297,-37.2837219238281,2000100706
220,49,18.4435520172119,-37.6420288085938,2000100709
220,50,18.460958480835,-38.1707763671875,2000100712
220,51,18.3904724121094,-38.8023376464844,2000100715
220,52,18.2833862304688,-39.4718933105469,2000100718
220,53,18.2661743164063,-40.1814880371094,2000100721
220,54,18.6362228393555,-40.7528991699219,2000100800
220,55,18.9499320983887,-41.0608520507813,2000100803
220,56,18.8187942504883,-41.5030822753906,2000100806
220,57,18.4650688171387,-41.9056091308594,2000100809
220,58,18.3900051116943,-42.6771240234375,2000100812
226,0,10.6845674514771,-24.7728271484375,2000100618
226,1,10.3903656005859,-25.5706176757813,2000100621
226,2,10.1528930664063,-26.1441040039063,2000100700
226,3,9.9528169631958,-26.1444702148438,2000100703
226,4,10.0192213058472,-26.24755859375,2000100706
226,5,10.1642007827759,-26.4312438964844,2000100709
226,6,10.3583154678345,-26.0576477050781,2000100712
226,7,10.6541242599487,-25.9949035644531,2000100715
226,8,10.7819499969482,-26.8886413574219,2000100718
226,9,10.8638410568237,-27.6300659179688,2000100721
226,10,11.1153697967529,-27.5760498046875,2000100800
226,11,11.4355297088623,-27.9319152832031,2000100803
226,12,11.6909284591675,-28.9435424804688,2000100806
226,13,11.7624778747559,-30.28759765625,2000100809
226,14,11.8721904754639,-30.9974365234375,2000100812
226,15,11.8945407867432,-31.8681945800781,2000100815
226,16,11.9362001419067,-32.4169921875,2000100818
226,17,11.9947328567505,-32.90283203125,2000100821
226,18,12.2272567749023,-33.3622741699219,2000100900
226,19,12.4018182754517,-33.7728881835938,2000100903
226,20,12.4968290328979,-34.0765686035156,2000100906
226,21,12.4670763015747,-34.7961120605469,2000100909
226,22,12.6417684555054,-35.6306762695313,2000100912
226,23,12.841893196106,-36.4609375,2000100915
226,24,12.6242866516113,-37.4089965820313,2000100918
226,25,12.4871950149536,-38.1636962890625,2000100921
226,26,12.4573230743408,-39.0308532714844,2000101000
226,27,12.3811168670654,-39.94384765625,2000101003
226,28,12.0429315567017,-41.2648010253906,2000101006
226,29,11.9067478179932,-42.1661987304688,2000101009
226,30,11.9962100982666,-42.6412048339844,2000101012
226,31,11.9192523956299,-43.0356750488281,2000101015
226,32,11.9486150741577,-43.5117492675781,2000101018
226,33,11.9250011444092,-44.1259765625,2000101021
226,34,12.1028413772583,-44.6146850585938,2000101100
226,35,12.0696487426758,-45.0735778808594,2000101103
226,36,11.9481391906738,-45.600341796875,2000101106
226,37,11.8567161560059,-46.0899353027344,2000101109
226,38,11.8503427505493,-46.4871826171875,2000101112
226,39,11.7083263397217,-46.8374633789063,2000101115
226,40,11.6210613250732,-47.1737670898438,2000101118
226,41,11.7635164260864,-47.62744140625,2000101121
226,42,11.9323511123657,-48.0187683105469,2000101200
226,43,11.9170007705688,-48.3017272949219,2000101203
226,44,11.5479640960693,-48.3901062011719,2000101206
226,45,11.3256816864014,-48.4249572753906,2000101209
226,46,11.508412361145,-48.4481506347656,2000101212
226,47,11.7569646835327,-48.4435729980469,2000101215
226,48,12.0649490356445,-48.5399780273438,2000101218
226,49,12.2422428131104,-48.7833251953125,2000101221
226,50,12.5283546447754,-49.2647705078125,2000101300
226,51,12.8837299346924,-49.83349609375,2000101303
226,52,13.2833080291748,-50.3020324707031,2000101306
226,53,13.597131729126,-50.705810546875,2000101309
226,54,13.7955617904663,-51.0323181152344,2000101312
226,55,13.8574419021606,-51.2596435546875,2000101315
226,56,13.7839965820313,-51.4236145019531,2000101318
226,57,13.7879638671875,-51.7516174316406,2000101321
226,58,13.9167804718018,-52.1807250976563,2000101400
226,59,13.868763923645,-52.3228149414063,2000101403
226,60,13.7344913482666,-52.4786071777344,2000101406
226,61,13.7289113998413,-52.6933898925781,2000101409
226,62,13.7913274765015,-52.9135437011719,2000101412
226,63,13.8661336898804,-53.2600402832031,2000101415
226,64,14.1392107009888,-53.7205505371094,2000101418
226,65,14.8911619186401,-54.3304748535156,2000101421
226,66,15.1021423339844,-55.0220336914063,2000101500
226,67,15.6183271408081,-55.7660827636719,2000101503
226,68,16.3081302642822,-56.3403930664063,2000101506
228,29,8.01791381835938,-19.9916381835938,2000101115
228,30,8.22089862823486,-20.4925231933594,2000101118
228,31,8.42538356781006,-20.9602966308594,2000101121
228,32,8.63719272613525,-21.8024597167969,2000101200
228,33,8.56613254547119,-22.9747314453125,2000101203
228,34,8.30153846740723,-23.6162414550781,2000101206
228,35,8.33869075775146,-23.85595703125,2000101209
228,36,8.31671619415283,-24.3361206054688,2000101212
228,37,8.26733875274658,-25.3927307128906,2000101215
228,38,7.97010803222656,-25.4749755859375,2000101218
228,39,7.91158008575439,-25.0201721191406,2000101221
228,40,7.71124076843262,-25.8124084472656,2000101300
228,41,8.05753612518311,-25.9404602050781,2000101303
228,42,8.19265460968018,-24.2464599609375,2000101306
228,43,8.20903301239014,-23.321533203125,2000101309
228,44,8.24391841888428,-23.1300048828125,2000101312
228,45,8.28871631622314,-22.768798828125,2000101315
228,46,8.24989986419678,-21.917236328125,2000101318
228,47,8.67849636077881,-20.6784362792969,2000101321
228,48,9.00528144836426,-20.4444274902344,2000101400
228,49,8.90196323394775,-20.9283447265625,2000101403
228,50,9.15035057067871,-22.0028991699219,2000101406
228,51,9.34553813934326,-22.3055419921875,2000101409
230,0,7.58466386795044,-33.7822875976563,2000101103
230,1,7.72096586227417,-34.9088745117188,2000101106
230,2,7.68956184387207,-35.5215759277344,2000101109
230,3,7.53478097915649,-35.726318359375,2000101112
230,4,7.33819484710693,-35.7745056152344,2000101115
230,5,7.57732391357422,-35.9248657226563,2000101118
230,6,7.95326805114746,-36.0630798339844,2000101121
230,7,8.13651657104492,-36.2310485839844,2000101200
230,8,8.20664024353027,-36.4720458984375,2000101203
230,9,8.30918788909912,-36.5469970703125,2000101206
230,10,8.40706443786621,-36.5372314453125,2000101209
230,11,8.56472301483154,-36.8583679199219,2000101212
230,12,8.7856273651123,-37.1622314453125,2000101215
230,13,9.17564964294434,-37.99755859375,2000101218
230,14,9.73641777038574,-39.0958251953125,2000101221
230,15,10.1807708740234,-39.7416076660156,2000101300
230,16,10.5136041641235,-40.2259521484375,2000101303
230,17,10.8333921432495,-40.7973022460938,2000101306
230,18,11.0252199172974,-41.3141174316406,2000101309
230,19,11.1538562774658,-41.9203186035156,2000101312
230,20,11.1978635787964,-42.4586181640625,2000101315
230,21,11.2113456726074,-43.0243225097656,2000101318
230,22,11.3377714157104,-43.6450805664063,2000101321
230,23,11.2998142242432,-43.8766174316406,2000101400
230,24,11.2565612792969,-44.5188293457031,2000101403
230,25,11.3709487915039,-44.9307556152344,2000101406
230,26,11.3580141067505,-45.3079833984375,2000101409
230,27,11.0290832519531,-45.3550720214844,2000101412
230,28,10.8254642486572,-45.476318359375,2000101415
230,29,11.1251964569092,-45.948974609375,2000101418
230,30,11.2768497467041,-46.33935546875,2000101421
230,31,10.8892507553101,-46.6405944824219,2000101500
230,32,10.4468278884888,-46.9504089355469,2000101503
230,33,10.3809652328491,-47.5602111816406,2000101506
230,34,10.2689847946167,-48.2211303710938,2000101509
230,35,9.9280366897583,-48.6138000488281,2000101512
230,36,9.58555221557617,-48.9038391113281,2000101515
230,37,9.64544582366943,-49.1365661621094,2000101518
230,38,9.70808982849121,-49.3926696777344,2000101521
230,39,9.22698783874512,-48.8432922363281,2000101600
230,40,8.86934375762939,-47.4410095214844,2000101603
230,41,8.62677097320557,-47.7558288574219,2000101606
230,42,8.36999320983887,-48.0768737792969,2000101609
230,43,8.1274881362915,-48.2778625488281,2000101612
230,44,7.45888805389404,-48.7121887207031,2000101615
238,27,25.2238960266113,-24.1870727539063,2000100906
238,28,24.971794128418,-24.4887084960938,2000100909
238,29,24.7774677276611,-24.6530151367188,2000100912
238,30,24.7039089202881,-24.9607849121094,2000100915
238,31,24.5782566070557,-25.3355712890625,2000100918
238,32,24.0263767242432,-25.8713989257813,2000100921
238,33,23.6363010406494,-26.3748474121094,2000101000
238,34,23.4641399383545,-27.0984497070313,2000101003
238,35,23.2720623016357,-27.7057189941406,2000101006
238,36,23.3921546936035,-28.34619140625,2000101009
238,37,23.7324542999268,-28.7448425292969,2000101012
238,38,23.6002521514893,-29.4307556152344,2000101015
238,39,23.1723403930664,-31.0914306640625,2000101018
238,40,22.5544414520264,-28.9913940429688,2000101021
238,41,22.4949188232422,-29.3934326171875,2000101100
238,42,22.101713180542,-29.9417419433594,2000101103
238,43,21.1767539978027,-29.5892639160156,2000101106
238,44,21.3174362182617,-30.2370910644531,2000101109
238,45,22.5105648040771,-32.4425964355469,2000101112
238,46,22.8228626251221,-32.7352905273438,2000101115
238,47,22.2777366638184,-32.7372436523438,2000101118
238,48,21.9836120605469,-33.4097290039063,2000101121
238,49,22.4463424682617,-33.4825744628906,2000101200
238,50,22.7364444732666,-33.4802551269531,2000101203
238,51,23.0253963470459,-34.3826293945313,2000101206
238,52,23.4020767211914,-34.8246765136719,2000101209
238,53,23.704761505127,-35.2973327636719,2000101212
238,54,23.9674682617188,-35.8347473144531,2000101215
238,55,24.2147178649902,-36.5547790527344,2000101218
238,56,24.4161796569824,-37.1706237792969,2000101221
238,57,24.3353652954102,-37.7729187011719,2000101300
238,58,24.3983936309814,-38.4391174316406,2000101303
238,59,24.4787902832031,-39.3266906738281,2000101306
238,60,24.8202533721924,-40.2586975097656,2000101309
242,0,7.56295013427734,-29.5026550292969,2000102318
242,1,8.40262603759766,-29.9702758789063,2000102321
242,2,7.78043079376221,-30.9444580078125,2000102400
242,3,8.02296924591064,-31.5897827148438,2000102403
242,4,7.28368711471558,-32.26171875,2000102406
242,5,7.16795301437378,-33.6658325195313,2000102409
242,6,8.07476806640625,-34.8626098632813,2000102412
242,7,8.42927646636963,-35.5678405761719,2000102415
242,8,9.1758861541748,-36.5567016601563,2000102418
242,9,8.80946731567383,-36.8161926269531,2000102421
242,10,8.00182437896729,-37.7715454101563,2000102500
242,11,6.91321706771851,-38.536865234375,2000102503
242,12,5.31925201416016,-39.6611022949219,2000102506
242,13,5.44757604598999,-40.6123962402344,2000102509
242,14,5.96105909347534,-41.2853698730469,2000102512
242,15,6.25951719284058,-41.660888671875,2000102515
242,16,6.4204888343811,-41.9316711425781,2000102518
242,17,6.45876407623291,-42.4801025390625,2000102521
242,18,6.92170381546021,-43.1003112792969,2000102600
242,19,7.22502708435059,-43.8268127441406,2000102603
242,20,7.65530586242676,-44.2296752929688,2000102606
242,21,7.79723787307739,-44.7701721191406,2000102609
242,22,7.61591196060181,-45.3739318847656,2000102612
242,23,7.91365385055542,-45.6181335449219,2000102615
246,37,22.2790031433105,-20.1454162597656,2000103115
246,38,21.9812812805176,-20.9015808105469,2000103118
246,39,22.2836532592773,-20.9306945800781,2000103121
246,40,22.0841884613037,-21.6632995605469,2000110100
246,41,20.9548988342285,-23.603271484375,2000110103
246,42,21.2334461212158,-23.90087890625,2000110106
246,43,21.3974227905273,-24.2894897460938,2000110109
246,44,21.5169830322266,-24.6852111816406,2000110112
246,45,21.2899475097656,-25.240478515625,2000110115
246,46,20.9813327789307,-25.8284301757813,2000110118
246,47,21.0333194732666,-26.3661193847656,2000110121
246,48,21.3008060455322,-27.072509765625,2000110200
246,49,21.6672611236572,-27.7059020996094,2000110203
246,50,21.5641403198242,-28.7504272460938,2000110206
246,51,21.5435428619385,-29.5003356933594,2000110209
246,52,21.4632530212402,-29.8906860351563,2000110212
246,53,21.3116416931152,-30.2973022460938,2000110215
246,54,20.5993309020996,-28.9839782714844,2000110218
246,55,20.6334819793701,-28.50927734375,2000110221
246,56,21.4348907470703,-30.07373046875,2000110300
246,57,22.063663482666,-32.1154479980469,2000110303
246,58,23.073091506958,-33.1152648925781,2000110306
246,59,24.1551418304443,-33.5561828613281,2000110309
246,60,23.8758735656738,-33.94189453125,2000110312
246,61,23.0249404907227,-34.5953979492188,2000110315
246,62,23.1619415283203,-35.099609375,2000110318
246,63,24.0999450683594,-35.516845703125,2000110321
246,64,23.8543148040771,-36.088134765625,2000110400
261,13,22.1190071105957,-19.89111328125,2000111321
261,14,21.4118556976318,-19.9651489257813,2000111400
261,15,21.2123908996582,-20.4361877441406,2000111403
261,16,21.7941608428955,-20.669921875,2000111406
261,17,21.997745513916,-20.8130187988281,2000111409
261,18,21.2644786834717,-21.1925048828125,2000111412
261,19,20.3216209411621,-21.3367004394531,2000111415
261,20,19.499584197998,-21.5315551757813,2000111418
261,21,19.1336269378662,-21.7548522949219,2000111421
261,22,18.9078807830811,-22.1614685058594,2000111500
261,23,18.6715316772461,-22.4499206542969,2000111503
261,24,18.2673358917236,-22.6851196289063,2000111506
261,25,18.2572956085205,-22.7687072753906,2000111509
261,26,18.1498203277588,-22.860107421875,2000111512
261,27,18.0600109100342,-22.6852111816406,2000111515
261,28,18.3112049102783,-22.3794555664063,2000111518
261,29,18.5789241790771,-22.5598449707031,2000111521
261,30,18.9930973052979,-22.691162109375,2000111600
261,31,19.1743144989014,-22.9276428222656,2000111603
261,32,19.2461757659912,-23.551025390625,2000111606
261,33,19.177282333374,-24.2160339355469,2000111609
261,34,19.1977863311768,-24.5650634765625,2000111612
261,35,19.65647315979,-24.4135131835938,2000111615
261,36,19.8188571929932,-24.7819213867188,2000111618
261,37,19.7774143218994,-25.8653259277344,2000111621
261,38,19.928539276123,-26.2538757324219,2000111700
261,39,19.7877616882324,-26.4848022460938,2000111703
261,40,19.234956741333,-27.122802734375,2000111706
261,41,19.0219116210938,-27.4106140136719,2000111709
261,42,19.7583293914795,-26.7325744628906,2000111712
261,43,19.5819683074951,-27.1814880371094,2000111715
261,44,19.4975299835205,-27.8934326171875,2000111718
261,45,19.4727191925049,-28.7401428222656,2000111721
261,46,19.4293613433838,-29.6689758300781,2000111800
261,47,19.4897956848145,-30.4446411132813,2000111803
261,48,19.4461631774902,-31.4036865234375,2000111806
261,49,20.7014350891113,-33.1015014648438,2000111809
264,0,6.94931888580322,-31.3276062011719,2000112409
264,1,6.57636594772339,-32.083251953125,2000112412
264,2,6.28705215454102,-33.2868957519531,2000112415
264,3,6.55397605895996,-33.458984375,2000112418
264,4,6.60619211196899,-33.6550903320313,2000112421
264,5,6.54317617416382,-34.3052673339844,2000112500
264,6,6.48872709274292,-35.0894165039063,2000112503
264,7,6.14754486083984,-35.6895141601563,2000112506
264,8,5.73366212844849,-36.5452575683594,2000112509
264,9,5.50535011291504,-37.4578857421875,2000112512
264,10,5.54107618331909,-38.5481567382813,2000112515
264,11,5.73059606552124,-39.2818908691406,2000112518
264,12,5.84066200256348,-39.6188659667969,2000112521
264,13,6.04548501968384,-40.1781616210938,2000112600
264,14,6.18067502975464,-41.15673828125,2000112603
264,15,6.37725114822388,-41.96142578125,2000112606
264,16,6.66990613937378,-42.8859252929688,2000112609
264,17,6.97377300262451,-43.3643493652344,2000112612
264,18,7.18979406356812,-44.2132873535156,2000112615
264,19,7.61932992935181,-45.0409240722656,2000112618
264,20,8.30892086029053,-45.9454345703125,2000112621
264,21,8.78936958312988,-46.6245422363281,2000112700
269,0,8.65696620941162,-22.7066345214844,2000112509
269,1,8.17570400238037,-23.6953430175781,2000112512
269,2,8.47703170776367,-25.2948303222656,2000112515
269,3,8.60881423950195,-26.404052734375,2000112518
269,4,8.50419139862061,-27.6279907226563,2000112521
269,5,8.04605484008789,-28.8693237304688,2000112600
269,6,8.0574951171875,-30.0758056640625,2000112603
269,7,8.13398933410645,-31.2619018554688,2000112606
269,8,7.86089086532593,-32.7606201171875,2000112609
269,9,7.86361503601074,-33.8613586425781,2000112612
269,10,7.80413722991943,-34.9390258789063,2000112615
269,11,7.55574178695679,-35.7661437988281,2000112618
269,12,7.389817237854,-36.7735290527344,2000112621
269,13,7.40259218215942,-37.6238098144531,2000112700
269,14,7.61902284622192,-38.3892211914063,2000112703
284,0,24.678394317627,-40.1216735839844,2000121400
284,1,24.5385112762451,-40.5228881835938,2000121403
284,2,24.6418361663818,-41.1278686523438,2000121406
284,3,24.1290512084961,-41.5152282714844,2000121409
284,4,23.695219039917,-42.1599426269531,2000121412
284,5,23.99289894104,-43.0115356445313,2000121415
284,6,23.8139190673828,-44.2286987304688,2000121418
284,7,23.6051692962646,-45.3471984863281,2000121421
284,8,23.4461517333984,-46.3098449707031,2000121500
284,9,23.087381362915,-47.0553894042969,2000121503
284,10,22.4082412719727,-48.2291564941406,2000121506
284,11,22.0107746124268,-49.451416015625,2000121509
284,12,21.4827156066895,-50.4435729980469,2000121512
284,13,20.8115177154541,-51.3349609375,2000121515
284,14,20.2028388977051,-52.256591796875,2000121518
284,15,19.6620502471924,-53.0130920410156,2000121521
284,16,19.1537590026855,-53.8484191894531,2000121600
284,17,18.8761768341064,-54.6408081054688,2000121603
284,18,18.136625289917,-55.4589538574219,2000121606
284,19,17.7216758728027,-56.1889953613281,2000121609
284,20,17.6804943084717,-56.8959350585938,2000121612
284,21,17.2584781646729,-57.9365234375,2000121615
284,22,17.2875900268555,-58.7019348144531,2000121618
284,23,17.3379745483398,-59.3650207519531,2000121621
284,24,16.3030090332031,-60.3548889160156,2000121700
284,25,15.9547748565674,-61.1730041503906,2000121703
284,26,15.566367149353,-62.4690246582031,2000121706
284,27,15.4236316680908,-63.5490417480469,2000121709
284,28,15.3028221130371,-64.0619201660156,2000121712
284,29,15.7489900588989,-64.3030090332031,2000121715
284,30,16.2554683685303,-65.4811401367188,2000121718
284,31,15.8352718353271,-66.9342651367188,2000121721
284,32,15.9249505996704,-67.4606628417969,2000121800
284,33,16.7592124938965,-67.9457397460938,2000121803
284,34,17.3254814147949,-68.8501281738281,2000121806
